id,identifier,generation_id,text
1,stench,3,Has a 10% chance of making target Pokémon flinch with each hit.
2,drizzle,3,Summons rain that lasts indefinitely upon entering battle.
3,speed-boost,3,Raises Speed one stage after each turn.
4,battle-armor,3,Protects against critical hits.
5,sturdy,3,"Prevents being KOed from full HP, leaving 1 HP instead.  Protects against the one-hit KO moves regardless of HP."
6,damp,3,"Prevents Self-Destruct, Explosion, and Aftermath from working while the Pokémon is in battle."
7,limber,3,Prevents paralysis.
8,sand-veil,3,Increases evasion to 1.25× during a sandstorm.  Protects against sandstorm damage.
9,static,3,Has a 30% chance of paralyzing attacking Pokémon on contact.
10,volt-absorb,3,"Absorbs Electric moves, healing for 1/4 max HP."
11,water-absorb,3,"Absorbs Water moves, healing for 1/4 max HP."
12,oblivious,3,Prevents infatuation and protects against Captivate.
13,cloud-nine,3,"Negates all effects of weather, but does not prevent the weather itself."
14,compound-eyes,3,Increases moves' accuracy to 1.3×.
15,insomnia,3,Prevents sleep.
16,color-change,3,Changes type to match when hit by a damaging move.
17,immunity,3,Prevents poison.
18,flash-fire,3,"Protects against Fire moves.  Once one has been blocked, the Pokémon's own Fire moves inflict 1.5× damage until it leaves battle."
19,shield-dust,3,Protects against incoming moves' extra effects.
20,own-tempo,3,Prevents confusion.
21,suction-cups,3,Prevents being forced out of battle by other Pokémon's moves.
22,intimidate,3,Lowers opponents' Attack one stage upon entering battle.
23,shadow-tag,3,Prevents opponents from fleeing or switching out.
24,rough-skin,3,Damages attacking Pokémon for 1/8 their max HP on contact.
25,wonder-guard,3,Protects against damaging moves that are not super effective.
26,levitate,3,Evades Ground moves.
27,effect-spore,3,"Has a 30% chance of inflcting either paralysis, poison, or sleep on attacking Pokémon on contact."
28,synchronize,3,"Copies burns, paralysis, and poison received onto the Pokémon that inflicted them."
29,clear-body,3,Prevents stats from being lowered by other Pokémon.
30,natural-cure,3,Cures any major status ailment upon switching out.
31,lightning-rod,3,"Redirects single-target Electric moves to this Pokémon where possible.  Absorbs Electric moves, raising Special Attack one stage."
32,serene-grace,3,Doubles the chance of moves' extra effects occurring.
33,swift-swim,3,Doubles Speed during rain.
34,chlorophyll,3,Doubles Speed during strong sunlight.
35,illuminate,3,Doubles the wild encounter rate.
36,trace,3,Copies an opponent's ability upon entering battle.
37,huge-power,3,Doubles Attack in battle.
38,poison-point,3,Has a 30% chance of poisoning attacking Pokémon on contact.
39,inner-focus,3,Prevents flinching.
40,magma-armor,3,Prevents freezing.
41,water-veil,3,Prevents burns.
42,magnet-pull,3,Prevents Steel opponents from fleeing or switching out.
43,soundproof,3,Protects against sound-based moves.
44,rain-dish,3,Heals for 1/16 max HP after each turn during rain.
45,sand-stream,3,Summons a sandstorm that lasts indefinitely upon entering battle.
46,pressure,3,Increases the PP cost of moves targetting the Pokémon by one.
47,thick-fat,3,Halves damage from Fire and Ice moves.
48,early-bird,3,Makes sleep pass twice as quickly.
49,flame-body,3,Has a 30% chance of burning attacking Pokémon on contact.
50,run-away,3,Ensures success fleeing from wild battles.
51,keen-eye,3,Prevents accuracy from being lowered.
52,hyper-cutter,3,Prevents Attack from being lowered by other Pokémon.
53,pickup,3,Picks up other Pokémon's used and Flung held items.  May also pick up an item after battle.
54,truant,3,Skips every second turn.
55,hustle,3,"Strengthens physical moves to inflict 1.5× damage, but decreases their accuracy to 0.8×."
56,cute-charm,3,Has a 30% chance of infatuating attacking Pokémon on contact.
57,plus,3,Increases Special Attack to 1.5× when a friendly Pokémon has Plus or Minus.
58,minus,3,Increases Special Attack to 1.5× when a friendly Pokémon has Plus or Minus.
59,forecast,3,Changes Castform's type and form to match the weather.
60,sticky-hold,3,Prevents a held item from being removed by other Pokémon.
61,shed-skin,3,Has a 33% chance of curing any major status ailment after each turn.
62,guts,3,Increases Attack to 1.5× with a major status ailment.
63,marvel-scale,3,Increases Defense to 1.5× with a major status ailment.
64,liquid-ooze,3,Damages opponents using leeching moves for as much as they would heal.
65,overgrow,3,Strengthens Grass moves to inflict 1.5× damage at 1/3 max HP or less.
66,blaze,3,Strengthens Fire moves to inflict 1.5× damage at 1/3 max HP or less.
67,torrent,3,Strengthens Water moves to inflict 1.5× damage at 1/3 max HP or less.
68,swarm,3,Strengthens Bug moves to inflict 1.5× damage at 1/3 max HP or less.
69,rock-head,3,Protects against recoil damage.
70,drought,3,Summons strong sunlight that lasts indefinitely upon entering battle.
71,arena-trap,3,Prevents opponents from fleeing or switching out.  Eluded by Flying-types and Pokémon in the air.
72,vital-spirit,3,Prevents sleep.
73,white-smoke,3,Prevents stats from being lowered by other Pokémon.
74,pure-power,3,Doubles Attack in battle.
75,shell-armor,3,Protects against critical hits.
76,air-lock,3,"Negates all effects of weather, but does not prevent the weather itself."
77,tangled-feet,4,Doubles evasion when confused.
78,motor-drive,4,"Absorbs Electric moves, raising Speed one stage."
79,rivalry,4,"Increases damage inflicted to 1.25× against Pokémon of the same gender, but decreases damage to 0.75× against the opposite gender."
80,steadfast,4,Raises Speed one stage upon flinching.
81,snow-cloak,4,Increases evasion to 1.25× during hail.  Protects against hail damage.
82,gluttony,4,Makes the Pokémon eat any held Berry triggered by low HP below 1/2 its max HP.
83,anger-point,4,Raises Attack to the maximum of six stages upon receiving a critical hit.
84,unburden,4,Doubles Speed upon using or losing a held item.
85,heatproof,4,Halves damage from Fire moves and burns.
86,simple,4,Doubles the Pokémon's stat modifiers.  These doubled modifiers are still capped at -6 or 6 stages.
87,dry-skin,4,"Causes 1/8 max HP in damage each turn during strong sunlight, but heals for 1/8 max HP during rain.  Increases damage from Fire moves to 1.25×, but absorbs Water moves, healing for 1/4 max HP."
88,download,4,Raises the attack stat corresponding to the opponents' weaker defense one stage upon entering battle.
89,iron-fist,4,Strengthens punch-based moves to 1.2× their power.
90,poison-heal,4,Heals for 1/8 max HP after each turn when poisoned in place of damage.
91,adaptability,4,Increases the same-type attack bonus from 1.5× to 2×.
92,skill-link,4,Extends two-to-five-hit moves and Triple Kick to their full length every time.
93,hydration,4,Cures any major status ailment after each turn during rain.
94,solar-power,4,Increases Special Attack to 1.5× but costs 1/8 max HP after each turn during strong sunlight.
95,quick-feet,4,Increases Speed to 1.5× with a major status ailment.
96,normalize,4,Makes the Pokémon's moves all act Normal-type.
97,sniper,4,Strengthens critical hits to inflict 3× damage rather than 2×.
98,magic-guard,4,Protects against damage not directly caused by a move.
99,no-guard,4,Ensures all moves used by and against the Pokémon hit.
100,stall,4,Makes the Pokémon move last within its move's priority bracket.
101,technician,4,Strengthens moves of 60 base power or less to 1.5× their power.
102,leaf-guard,4,Protects against major status ailments during strong sunlight.
103,klutz,4,Prevents the Pokémon from using its held item in battle.
104,mold-breaker,4,Bypasses targets' abilities if they could hinder or prevent a move.
105,super-luck,4,Raises moves' critical hit rates one stage.
106,aftermath,4,Damages the attacker for 1/4 its max HP when knocked out by a contact move.
107,anticipation,4,"Notifies all trainers upon entering battle if an opponent has a super-effective move, Self-Destruct, Explosion, or a one-hit KO move."
108,forewarn,4,Reveals the opponents' strongest move upon entering battle.
109,unaware,4,Ignores other Pokémon's stat modifiers for damage and accuracy calculation.
110,tinted-lens,4,Doubles damage inflicted with not-very-effective moves.
111,filter,4,Decreases damage taken from super-effective moves by 1/4.
112,slow-start,4,Halves Attack and Speed for five turns upon entering battle.
113,scrappy,4,Lets the Pokémon's Normal and Fighting moves hit Ghost Pokémon.
114,storm-drain,4,"Redirects single-target Water moves to this Pokémon where possible.  Absorbs Water moves, raising Special Attack one stage."
115,ice-body,4,Heals for 1/16 max HP after each turn during hail.  Protects against hail damage.
116,solid-rock,4,Decreases damage taken from super-effective moves by 1/4.
117,snow-warning,4,Summons hail that lasts indefinitely upon entering battle.
118,honey-gather,4,The Pokémon may pick up Honey after battle.
119,frisk,4,Reveals an opponent's held item upon entering battle.
120,reckless,4,Strengthens recoil moves to 1.2× their power.
121,multitype,4,Changes Arceus's type and form to match its held Plate.
122,flower-gift,4,Increases friendly Pokémon's Attack and Special Defense to 1.5× during strong sunlight.
123,bad-dreams,4,Damages sleeping opponents for 1/8 their max HP after each turn.
124,pickpocket,5,Steals attacking Pokémon's held items on contact.
125,sheer-force,5,"Strengthens moves with extra effects to 1.3× their power, but prevents their extra effects."
126,contrary,5,Inverts stat changes.
127,unnerve,5,Prevents opposing Pokémon from eating held Berries.
128,defiant,5,Raises Attack two stages upon having any stat lowered.
129,defeatist,5,Halves Attack and Special Attack at 50% max HP or less.
130,cursed-body,5,Has a 30% chance of Disabling any move that hits the Pokémon.
131,healer,5,Has a 30% chance of curing each adjacent ally of any major status ailment after each turn.
132,friend-guard,5,Decreases all direct damage taken by friendly Pokémon to 0.75×.
133,weak-armor,5,Raises Speed and lowers Defense by one stage each upon being hit by a physical move.
134,heavy-metal,5,Doubles the Pokémon's weight.
135,light-metal,5,Halves the Pokémon's weight.
136,multiscale,5,Halves damage taken from full HP.
137,toxic-boost,5,Increases Attack to 1.5× when poisoned.
138,flare-boost,5,Increases Special Attack to 1.5× when burned.
139,harvest,5,Has a 50% chance of restoring a used Berry after each turn if the Pokémon has held no items in the meantime.
140,telepathy,5,Protects against friendly Pokémon's damaging moves.
141,moody,5,Raises a random stat two stages and lowers another one stage after each turn.
142,overcoat,5,Protects against damage from weather.
143,poison-touch,5,Has a 30% chance of poisoning target Pokémon upon contact.
144,regenerator,5,Heals for 1/3 max HP upon switching out.
145,big-pecks,5,Protects against Defense drops.
146,sand-rush,5,Doubles Speed during a sandstorm.  Protects against sandstorm damage.
147,wonder-skin,5,Lowers incoming non-damaging moves' base accuracy to exactly 50%.
148,analytic,5,Strengthens moves to 1.3× their power when moving last.
149,illusion,5,Takes the appearance of the last conscious party Pokémon upon being sent out until hit by a damaging move.
150,imposter,5,Transforms upon entering battle.
151,infiltrator,5,"Bypasses Light Screen, Reflect, and Safeguard."
152,mummy,5,Changes attacking Pokémon's abilities to Mummy on contact.
153,moxie,5,Raises Attack one stage upon KOing a Pokémon.
154,justified,5,Raises Attack one stage upon taking damage from a Dark move.
155,rattled,5,"Raises Speed one stage upon being hit by a Dark, Ghost, or Bug move."
156,magic-bounce,5,Reflects most non-damaging moves back at their user.
157,sap-sipper,5,"Absorbs Grass moves, raising Attack one stage."
158,prankster,5,Raises non-damaging moves' priority by one stage.
159,sand-force,5,"Strengthens Rock, Ground, and Steel moves to 1.3× their power during a sandstorm.  Protects against sandstorm damage."
160,iron-barbs,5,Damages attacking Pokémon for 1/8 their max HP on contact.
161,zen-mode,5,"Changes Darmanitan's form after each turn depending on its HP: Zen Mode below 50% max HP, and Standard Mode otherwise."
162,victory-star,5,Increases moves' accuracy to 1.1× for friendly Pokémon.
163,turboblaze,5,Bypasses targets' abilities if they could hinder or prevent moves.
164,teravolt,5,Bypasses targets' abilities if they could hinder or prevent moves.
165,aroma-veil,6,Protects allies against moves that affect their mental state.
166,flower-veil,6,Protects friendly Grass Pokémon from having their stats lowered by other Pokémon.
167,cheek-pouch,6,"Restores HP upon eating a Berry, in addition to the Berry's effect."
168,protean,6,Changes the bearer's type to match each move it uses.
169,fur-coat,6,Halves damage from physical attacks.
170,magician,6,Steals the target's held item when the bearer uses a damaging move.
171,bulletproof,6,"Protects against bullet, ball, and bomb-based moves."
172,competitive,6,Raises Special Attack by two stages upon having any stat lowered.
173,strong-jaw,6,Strengthens biting moves to 1.5× their power.
174,refrigerate,6,Turns the bearer's Normal moves into Ice moves and strengthens them to 1.3× their power.
175,sweet-veil,6,Prevents friendly Pokémon from sleeping.
176,stance-change,6,"Changes Aegislash to Blade Forme before using a damaging move, or Shield Forme before using King’s Shield."
177,gale-wings,6,Raises Flying moves' priority by one stage.
178,mega-launcher,6,Strengthens aura and pulse moves to 1.5× their power.
179,grass-pelt,6,Boosts Defense while Grassy Terrain is in effect.
180,symbiosis,6,Passes the bearer's held item to an ally when the ally uses up its item.
181,tough-claws,6,Strengthens moves that make contact to 1.33× their power.
182,pixilate,6,Turns the bearer's Normal moves into Fairy moves and strengthens them to 1.3× their power.
183,gooey,6,Lowers attacking Pokémon's Speed by one stage on contact.
184,aerilate,6,Turns the bearer's Normal moves into Flying moves and strengthens them to 1.3× their power.
185,parental-bond,6,Lets the bearer hit twice with damaging moves.  The second hit has half power.
186,dark-aura,6,Strengthens Dark moves to 1.33× their power for all friendly and opposing Pokémon.
187,fairy-aura,6,Strengthens Fairy moves to 1.33× their power for all friendly and opposing Pokémon.
188,aura-break,6,Makes Dark Aura and Fairy Aura weaken moves of their respective types.
189,primordial-sea,6,"Creates heavy rain, which has all the properties of Rain Dance, cannot be replaced, and causes damaging Fire moves to fail."
190,desolate-land,6,"Creates extremely harsh sunlight, which has all the properties of Sunny Day, cannot be replaced, and causes damaging Water moves to fail."
191,delta-stream,6,"Creates a mysterious air current, which cannot be replaced and causes moves to never be super effective against Flying Pokémon."
192,stamina,7,Raises this Pokémon's Defense by one stage when it takes damage from a move.
193,wimp-out,7,This Pokémon automatically switches out when its HP drops below half.
194,emergency-exit,7,This Pokémon automatically switches out when its HP drops below half.
195,water-compaction,7,Raises this Pokémon's Defense by two stages when it's hit by a Water move.
196,merciless,7,This Pokémon's moves critical hit against poisoned targets.
197,shields-down,7,Transforms this Minior between Core Form and Meteor Form.  Prevents major status ailments and drowsiness while in Meteor Form.
198,stakeout,7,This Pokémon's moves have double power against Pokémon that switched in this turn.
199,water-bubble,7,"Halves damage from Fire moves, doubles damage of Water moves, and prevents burns."
200,steelworker,7,This Pokémon's Steel moves have 1.5× power.
201,berserk,7,Raises this Pokémon's Special Attack by one stage every time its HP drops below half.
202,slush-rush,7,"During Hail, this Pokémon has double Speed."
203,long-reach,7,This Pokémon's moves do not make contact.
204,liquid-voice,7,Sound-based moves become Water-type.
205,triage,7,This Pokémon's healing moves have their priority increased by 3.
206,galvanize,7,This Pokémon's Normal moves are Electric and have their power increased to 1.2×.
207,surge-surfer,7,Doubles this Pokémon's Speed on Electric Terrain.
208,schooling,7,Wishiwashi becomes Schooling Form when its HP is 25% or higher.
209,disguise,7,Prevents the first instance of battle damage.
210,battle-bond,7,Transforms this Pokémon into Ash-Greninja after fainting an opponent.  Water Shuriken's power is 20 and always hits three times.
211,power-construct,7,Transforms 10% or 50% Zygarde into Complete Forme when its HP is below 50%.
212,corrosion,7,This Pokémon can inflict poison on Poison and Steel Pokémon.
213,comatose,7,This Pokémon always  acts as though it were Asleep.
214,queenly-majesty,7,Opposing Pokémon cannot use priority attacks.
215,innards-out,7,"When this Pokémon faints from an opponent's move, that opponent takes damage equal to the HP this Pokémon had remaining."
216,dancer,7,"Whenever another Pokémon uses a dance move, this Pokémon will use the same move immediately afterwards."
217,battery,7,Ally Pokémon's moves have their power increased to 1.3×.
218,fluffy,7,Damage from contact moves is halved.  Damage from Fire moves is doubled.
219,dazzling,7,Opposing Pokémon cannot use priority attacks.
220,soul-heart,7,This Pokémon's Special Attack rises by one stage every time any Pokémon faints.
221,tangling-hair,7,"When this Pokémon takes regular damage from a contact move, the attacking Pokémon's Speed lowers by one stage."
222,receiver,7,"When an ally faints, this Pokémon gains its Ability."
223,power-of-alchemy,7,"When an ally faints, this Pokémon gains its Ability."
224,beast-boost,7,Raises this Pokémon's highest stat by one stage when it faints another Pokémon.
225,rks-system,7,Changes this Pokémon's type to match its held Memory.
226,electric-surge,7,"When this Pokémon enters battle, it changes the terrain to Electric Terrain."
227,psychic-surge,7,"When this Pokémon enters battle, it changes the terrain to Psychic Terrain."
228,misty-surge,7,"When this Pokémon enters battle, it changes the terrain to Misty Terrain."
229,grassy-surge,7,"When this Pokémon enters battle, it changes the terrain to Grassy Terrain."
230,full-metal-body,7,Other Pokémon cannot lower this Pokémon's stats.
231,shadow-shield,7,"When this Pokémon has full HP, regular damage from moves is halved."
232,prism-armor,7,Reduces super-effective damage to 0.75×.
233,neuroforce,7,Increases super-effective damage dealt to 1.25×.
234,intrepid-sword,8,Boosts Attack in battle.
235,dauntless-shield,8,Boosts Defense in battle.
236,libero,8,Libero changes the Pokémon's type to that of its previously used attack.
237,ball-fetch,8,"If the Pokémon is not holding an item, it will fetch the Poké Ball from the first failed throw of the battle."
238,cotton-down,8,When Ignores moves and abilities that draw in moves.
239,propeller-tail,8,Ignores moves and abilities that draw in moves.
240,mirror-armor,8,Reflects any stat-lowering effects.
241,gulp-missile,8,"If a Cramorant with Gulp Missile uses Surf or Dive, it catches prey and changes its form depending on its remaining HP."
242,stalwart,8,Ignores moves and abilities that draw in moves.
243,steam-engine,8,Boosts the Speed stat drastically when the Pokémon is hit by a Fire- or Water-type move.
244,punk-rock,8,Boosts sound-based moves and halves damage from the same moves.
245,sand-spit,8,Creates a sandstorm when hit by an attack.
246,ice-scales,8,Halves damage from Special moves.
247,ripen,8,Doubles the effect of berries.
248,ice-face,8,"The Pokémon’s ice head can take a physical attack as a substitute, but the attack also changes the Pokémon’s appearance. The ice will be restored when it snows."
249,power-spot,8,Just being next to the Pokémon powers up moves.
250,mimicry,8,Changes type depending on the terrain.
251,screen-cleaner,8,"Nullifies effects of Light Screen, Reflect, and Aurora Veil."
252,steely-spirit,8,Powers up ally Pokémon's Steel-type moves.
253,perish-body,8,"When hit by a move that makes direct contact, the Pokémon and the attacker will faint after three turns unless they switch out of battle."
254,wandering-spirit,8,Swaps abilities with opponents on contact.
255,gorilla-tactics,8,Boosts the Pokémon's Attack stat but only allows the use of the first selected move.
256,neutralizing-gas,8,Neutralizes abilities of all Pokémon in battle.
257,pastel-veil,8,Prevents the Pokémon and its allies from being poisoned.
258,hunger-switch,8,"Causes Morpeko to change its form each turn, alternating between Full Belly Mode and Hangry Mode"
259,quick-draw,8,Enables the Pokémon to move first occasionally.
260,unseen-fist,8,Contact moves can strike through Protect/Detect.
261,curious-medicine,8,Resets all stat changes upon entering battlefield.
262,transistor,8,Powers up Electric-type moves.
263,dragons-maw,8,Powers up Dragon-type moves.
264,chilling-neigh,8,Boosts Attack after knocking out a Pokémon.
265,grim-neigh,8,Boosts Special Attack after knocking out a Pokémon.
266,as-one-glastrier,8,Combines the effects of Unnerve and Chilling Neigh.
267,as-one-spectrier,8,Combines the effects of Unnerve and Grim Neigh.
268,lingering-aroma,9,Contact changes the attacker's Ability to Lingering Aroma.
269,seed-sower,9,Turns the ground into Grassy Terrain when the Pokémon is hit by an attack.
270,thermal-exchange,9,Raises Attack when hit by a Fire-type move. Cannot be burned.
271,anger-shell,9,"When the Pokémon's HP drops below half, Anger Shell lowers its Defense and Special Defense but its Attack, Special Attack and Speed are raised."
272,purifying-salt,9,Protects from status conditions and halves damage from Ghost-type moves.
273,well-baked-body,9,"Immune to Fire-type moves, and Defense is sharply boosted."
274,wind-rider,9,"Gives immunity to wind moves, and causes the Pokémon's Attack to increase by one stage when hit by one."
275,guard-dog,9,"Boosts Attack if intimidated, and prevents being forced to switch out."
276,rocky-payload,9,Powers up Rock-type moves.
277,wind-power,9,"When hit by a wind move, the power of the next Electric-type move it uses is doubled."
278,zero-to-hero,9,Transforms into its Hero Form when switching out.
279,commander,9,Goes inside the mouth of an ally Dondozo if one is on the field.
280,electromorphosis,9,"When hit by an attack, the power of the next Electric-type move it uses is doubled."
281,protosynthesis,9,"Raises highest stat in harsh sunlight, or if holding Booster Energy."
282,quark-drive,9,"Raises highest stat on Electric Terrain, or if holding Booster Energy."
283,good-as-gold,9,Gives immunity to status moves.
284,vessel-of-ruin,9,Lowers Special Attack of all Pokémon except itself.
285,sword-of-ruin,9,Lowers Defense of all Pokémon except itself.
286,tablets-of-ruin,9,Lowers Attack of all Pokémon except itself.
287,beads-of-ruin,9,Lowers Special Defense of all Pokémon except itself.
288,orichalcum-pulse,9,"Turns the sunlight harsh when entering battle, and boosts Attack while active."
289,hadron-engine,9,"Creates an Electric Terrain when entering battle, and boosts Special Attack while active."
290,opportunist,9,Copies stat boosts by the opponent.
291,cud-chew,9,Causes the Pokémon to reuse an already consumed Berry at the end of the next turn.
292,sharpness,9,Powers up slicing moves.
293,supreme-overlord,9,Attack and Special Attack are boosted for each party Pokémon that has been defeated.
294,costar,9,Copies ally's stat changes on entering battle.
295,toxic-debris,9,Scatters poison spikes at the feet of the opposing team when the Pokémon takes damage from physical moves.
296,armor-tail,9,"Prevents the opponent from using any moves that have priority, such as Quick Attack."
297,earth-eater,9,Restores HP when hit by a Ground-type move.
298,mycelium-might,9,"Status moves go last, but are not affected by the opponent's ability."
299,minds-eye,9,"The Pokémon ignores changes to opponents' evasiveness, its accuracy can't be lowered, and it can hit Ghost types with Normal- and Fighting-type moves."
300,supersweet-syrup,9,"Once per battle, when a Pokémon with Supersweet Syrup enters the battle, it lowers the evasion stat of all adjacent opponents by one stage. "
301,hospitality,9,"When a Pokémon with Hospitality enters a battle, it restores HP for an ally by 25%."
302,toxic-chain,9,May cause bad poisoning when the Pokémon hits an opponent with a move.
303,embody-aspect,9,"Embody Aspect boosts a particular stat, depending on the form of a Terastallized Ogerpon"
304,tera-shift,9,"When Terapagos enters the battle, it turns into its Terastal Form until the end of the battle. "
305,tera-shell,9,All damage-dealing moves that hit the Pokémon when its HP is full will not be very effective.
306,teraform-zero,9,"As soon as Terapagos assumes its Stellar Form, it will immediately neutralize weather and terrain effects. "
307,poison-puppeteer,9,Pokémon poisoned by Pecharunt's moves will also become confused.
308,piercing-drill,9,"When the Pokémon uses contact moves, it can hit even targets that are protecting themselves."
309,dragonize,9,The Pokémon's Normal-type moves become Dragon-type moves and their power is boosted by 20%.
310,mega-sol,9,The Pokémon can use its moves as if the weather were harsh sunlight.
311,spicy-spray,9,"When the Pokémon takes damage from a move, it burns the attacker."
312,eelevate,9,"The Pokémon floats off the ground, making it immune to Ground-type moves, as well as the Spikes, Toxic Spikes, and Sticky Web statuses. When the Pokémon knocks out a target with an attack, its highest stat is boosted by 1 stage."
313,fire-mane,9,Boosts the power of the Pokémon's Fire-type moves by 50%.
