pokemon_id,levelup,machines
1,1:33|4:45|7:73|10:22|15:77|15:79|20:75|25:230|32:74|39:235|46:76,6|9|10|11|17|19|21|22|27|32|36|42|43|44|45|101|104|105|106
2,1:33|1:45|1:73|4:45|7:73|10:22|15:77|15:79|22:75|29:230|38:74|47:235|56:76,6|9|10|11|17|19|21|22|27|32|36|42|43|44|45|101|104|105|106
3,1:22|1:33|1:45|1:73|4:45|7:73|10:22|15:77|15:79|22:75|29:230|41:74|53:235|65:76,5|6|9|10|11|15|17|19|21|22|26|27|32|36|42|43|44|45|101|104|105|106
4,1:10|1:45|7:52|13:232|19:108|25:184|31:53|37:163|43:82|49:83,1|2|6|10|11|17|21|23|27|28|31|32|35|38|40|42|43|44|45|50|101|104|106
5,1:10|1:45|1:52|7:52|13:232|20:108|27:184|34:53|41:163|48:82|55:83,1|2|6|10|11|17|21|23|27|28|31|32|35|38|40|42|43|44|45|50|101|104|106
6,1:10|1:232|1:257|1:45|1:52|7:52|13:232|20:108|27:184|34:53|36:17|44:163|54:82|64:83,1|2|5|6|10|11|15|17|21|23|26|27|28|31|32|35|38|40|42|43|44|45|47|50|101|102|104|106
7,1:33|4:39|7:145|10:110|13:55|18:44|23:229|28:182|33:240|40:130|47:56,1|3|6|7|10|13|14|17|18|21|23|27|28|31|32|42|43|44|45|103|104|106|107|108
8,1:145|1:33|1:39|4:39|7:145|10:110|13:55|19:44|25:229|31:182|37:240|45:130|53:56,1|3|6|7|10|13|14|17|18|21|23|27|28|31|32|42|43|44|45|103|104|106|107|108
9,1:110|1:145|1:33|1:39|4:39|7:145|10:110|13:55|19:44|25:229|31:182|42:240|55:130|68:56,1|3|5|6|7|10|13|14|15|17|18|21|23|26|27|28|31|32|42|43|44|45|103|104|106|107|108
10,1:33|1:81,
11,1:106|7:106,
12,1:93|10:93|13:77|14:78|15:79|18:48|23:18|28:16|34:60|40:219|47:318,6|10|11|15|17|18|19|20|21|22|27|29|30|32|40|42|43|44|45|46|48|105
13,1:40|1:81,
14,1:106|7:106,
15,1:31|10:31|15:116|20:41|25:99|30:228|35:42|40:97|45:283,6|10|11|15|17|19|21|22|27|31|32|36|40|42|43|44|45|46|101|106
16,1:33|5:28|9:16|13:98|19:18|25:17|31:297|39:97|47:119,6|10|11|17|18|21|27|32|40|42|43|44|45|46|47|102
17,1:16|1:28|1:33|5:28|9:16|13:98|20:18|27:17|34:297|43:97|52:119,6|10|11|17|18|21|27|32|40|42|43|44|45|46|47|102
18,1:16|1:28|1:33|1:98|5:28|9:16|13:98|20:18|27:17|34:297|48:97|62:119,6|10|11|15|17|18|21|27|32|40|42|43|44|45|46|47|102
19,1:33|1:39|7:98|13:158|20:116|27:228|34:162|41:283,6|10|11|12|13|14|17|18|21|23|24|25|27|28|30|32|34|42|43|44|45|46|101|106
20,1:33|1:39|1:98|7:98|13:158|20:184|30:228|40:162|50:283,5|6|10|11|12|13|14|15|17|18|21|23|24|25|27|28|30|32|34|42|43|44|45|46|101|104|106
21,1:45|1:64|7:43|13:31|19:228|25:332|31:119|37:65|43:97,6|10|11|17|18|21|27|32|40|42|43|44|45|46|47|102
22,1:31|1:43|1:45|1:64|7:43|13:31|26:228|32:119|40:65|47:97,6|10|11|15|17|18|21|27|32|40|42|43|44|45|46|47|102
23,1:35|1:43|8:40|13:44|20:137|25:103|32:51|37:254|37:255|37:256|44:114,6|10|11|17|18|19|21|23|26|27|28|32|36|41|42|43|44|45|46|49|104
24,1:35|1:40|1:43|1:44|8:40|13:44|20:137|28:103|38:51|46:254|46:255|46:256|56:114,6|10|11|15|17|18|19|21|23|26|27|28|32|36|41|42|43|44|45|46|49|104
25,1:45|1:84|6:39|8:86|11:98|15:104|20:21|26:85|33:97|41:87|50:113,1|6|10|16|17|18|21|23|24|25|27|28|31|32|34|42|43|44|45|104|105|106
26,1:39|1:84|1:85|1:98,1|6|10|15|16|17|18|21|23|24|25|27|28|31|32|34|42|43|44|45|46|104|105|106
27,1:10|6:111|11:28|17:40|23:163|30:129|37:154|45:328|53:201,1|6|10|11|17|21|23|26|27|28|31|32|37|39|40|42|43|44|45|46|101|104|106
28,1:10|1:111|1:28|6:111|11:28|17:40|24:163|33:129|42:154|52:328|62:201,1|6|10|11|15|17|21|23|26|27|28|31|32|37|39|40|42|43|44|45|46|101|104|106
29,1:10|1:45|8:39|12:24|17:40|20:44|23:270|30:154|38:260|47:242,3|6|10|11|13|14|17|18|21|23|24|25|27|28|32|34|36|40|42|43|44|45|46|101|104|106
30,1:10|1:45|8:39|12:24|18:40|22:44|26:270|34:154|43:260|53:242,3|6|10|11|13|14|17|18|21|23|24|25|27|28|32|34|36|40|42|43|44|45|46|101|104|106
31,1:10|1:24|1:39|1:40|22:34|43:276,1|3|5|6|10|11|12|13|14|15|17|18|21|23|24|25|26|27|28|30|31|32|34|35|36|37|38|39|40|41|42|43|44|45|46|101|103|104|106
32,1:43|1:64|8:116|12:24|17:40|20:30|23:270|30:31|38:260|47:32,3|6|10|11|13|14|17|18|21|23|24|25|27|28|32|34|36|42|43|44|45|46|101|104|106
33,1:43|1:64|8:116|12:24|18:40|22:30|26:270|34:31|43:260|53:32,3|6|10|11|13|14|17|18|21|23|24|25|27|28|32|34|36|42|43|44|45|46|101|104|106
34,1:116|1:24|1:40|1:64|22:37|43:224,1|3|5|6|10|11|12|13|14|15|17|18|21|23|24|25|26|27|28|30|31|32|34|35|36|37|38|39|41|42|43|44|45|46|101|103|104|106
35,1:1|1:45|5:227|9:47|13:3|17:266|21:107|25:111|29:118|33:322|37:236|41:113|45:309,1|3|4|6|10|11|13|14|16|17|18|20|21|22|23|24|25|27|28|29|30|31|32|33|34|35|38|42|43|44|45|49|104|105
36,1:107|1:118|1:3|1:47,1|3|4|6|10|11|13|14|15|16|17|18|20|21|22|23|24|25|27|28|29|30|31|32|33|34|35|38|42|43|44|45|49|104|105
37,1:52|5:39|9:46|13:98|17:261|21:109|25:286|29:53|33:219|37:288|41:83,5|6|10|11|17|20|21|23|27|28|32|35|38|42|43|44|45|50
38,1:109|1:219|1:52|1:98|45:83,5|6|10|11|15|17|20|21|23|27|28|32|35|38|42|43|44|45|50
39,1:47|4:111|9:1|14:50|19:205|24:3|29:156|34:34|39:102|44:304|49:38,1|3|6|10|11|13|14|16|17|18|20|21|22|24|25|27|28|29|30|31|32|33|34|35|38|42|43|44|45|49|104|105
40,1:111|1:3|1:47|1:50,1|3|6|10|11|13|14|15|16|17|18|20|21|22|24|25|27|28|29|30|31|32|33|34|35|38|42|43|44|45|49|104|105
41,1:141|6:310|11:48|16:44|21:17|26:109|31:314|36:212|41:305|46:114,6|10|11|12|17|18|19|21|27|30|32|36|40|41|42|43|44|45|46|47|49
42,1:103|1:141|1:310|1:48|6:310|11:48|16:44|21:17|28:109|35:314|42:212|49:305|56:114,6|10|11|12|15|17|18|19|21|27|30|32|36|40|41|42|43|44|45|46|47|49
43,1:71|7:230|14:77|16:78|18:79|23:51|32:236|39:80,6|9|10|11|17|19|21|22|27|32|36|42|43|44|45|101|105
44,1:230|1:71|1:77|7:230|14:77|16:78|18:79|24:51|35:236|44:80,6|9|10|11|17|19|21|22|27|32|36|42|43|44|45|101|105
45,1:312|1:71|1:72|1:78|44:80,6|9|10|11|15|17|19|21|22|27|32|36|42|43|44|45|101|105
46,1:10|7:78|13:77|19:141|25:147|31:163|37:74|43:202|49:312,6|9|10|11|17|19|21|22|27|28|32|36|40|42|43|44|45|46|101|105|106
47,1:10|1:77|1:78|7:78|13:77|19:141|27:147|35:163|43:74|51:202|59:312,6|9|10|11|15|17|19|21|22|27|28|32|36|40|42|43|44|45|46|101|105|106
48,1:193|1:33|1:50|9:48|17:93|20:77|25:141|28:78|33:60|36:79|41:94,6|10|11|17|19|21|22|27|29|32|36|42|43|44|45|46|48|105
49,1:193|1:318|1:33|1:48|1:50|9:48|17:93|20:77|25:141|28:78|31:16|36:60|42:79|52:94,6|10|11|15|17|19|21|22|27|29|32|36|40|42|43|44|45|46|48|105
50,1:10|1:28|5:45|9:222|17:91|21:154|25:189|33:163|41:89|49:90,6|10|11|17|21|26|27|28|32|36|39|40|42|43|44|45|46|101|106
51,1:10|1:161|1:28|1:45|5:45|9:222|17:91|21:154|25:189|26:328|38:163|51:89|64:90,6|10|11|15|17|21|26|27|28|32|36|39|40|42|43|44|45|46|101|106
52,1:10|1:45|10:44|18:6|25:185|31:103|36:154|40:163|43:252|45:207,3|6|10|11|12|17|18|21|23|24|25|27|28|30|32|34|40|41|42|43|44|45|46|49|101|105
53,1:10|1:44|1:45|10:44|18:6|25:185|34:103|42:154|49:163|55:252|61:207,3|5|6|10|11|12|15|17|18|21|23|24|25|27|28|30|32|34|40|41|42|43|44|45|46|49|101|105
54,1:10|1:346|5:39|10:50|16:93|23:103|31:244|40:154|50:56,1|3|4|6|7|10|13|14|17|18|21|23|27|28|31|32|40|42|43|44|45|103|104|105|106|107|108
55,1:10|1:346|1:39|1:50|5:39|10:50|16:93|23:103|31:244|44:154|58:56,1|3|4|6|7|10|13|14|15|17|18|21|23|27|28|31|32|40|42|43|44|45|103|104|105|106|107|108
56,1:10|1:43|6:67|11:2|16:154|21:116|26:69|31:238|36:207|41:103|46:37,1|6|8|10|11|12|17|18|21|23|24|25|26|27|28|31|32|39|40|42|43|44|45|46|50|104|106
57,1:10|1:43|1:67|1:99|6:67|11:2|16:154|21:116|26:69|28:99|35:238|44:207|53:103|62:37,1|6|8|10|11|12|15|17|18|21|23|24|25|26|27|28|31|32|39|40|42|43|44|45|46|50|104|106
58,1:44|1:46|7:52|13:43|19:316|25:36|31:172|37:270|43:97|49:53,5|6|10|11|17|21|23|27|28|32|35|38|40|42|43|44|45|46|50|104|106
59,1:316|1:44|1:46|1:52|49:245,5|6|10|11|15|17|21|23|27|28|32|35|38|40|42|43|44|45|46|50|104|106
60,1:145|7:95|13:55|19:3|25:240|31:34|37:187|43:56,3|6|7|10|13|14|17|18|21|27|28|29|32|42|43|44|45|46|103|107|108
61,1:145|1:55|1:95|7:95|13:55|19:3|27:240|35:34|43:187|51:56,1|3|6|7|10|13|14|17|18|21|26|27|28|29|31|32|42|43|44|45|46|103|104|106|107|108
62,1:3|1:55|1:66|1:95|35:66|51:170,1|3|6|7|8|10|13|14|15|17|18|21|26|27|28|29|31|32|39|42|43|44|45|46|103|104|106|107|108
63,1:100,1|4|6|10|11|12|16|17|18|20|21|23|27|29|30|32|33|34|41|42|43|44|45|46|48|49|105
64,1:100|1:134|1:93|16:93|18:50|21:60|23:115|25:105|30:248|33:272|36:94|43:271,1|4|6|10|11|12|16|17|18|20|21|23|27|29|30|32|33|34|41|42|43|44|45|46|48|49|105
65,1:100|1:134|1:93|16:93|18:50|21:60|23:115|25:105|30:248|33:347|36:94|43:271,1|4|6|10|11|12|15|16|17|18|20|21|23|27|29|30|32|33|34|41|42|43|44|45|46|48|49|105
66,1:43|1:67|7:116|13:2|19:69|22:193|25:279|31:233|37:66|40:238|43:184|49:223,1|6|8|10|11|17|18|21|26|27|28|31|32|35|38|39|42|43|44|45|46|104|106
67,1:116|1:43|1:67|7:116|13:2|19:69|22:193|25:279|33:233|41:66|46:238|51:184|59:223,1|6|8|10|11|17|18|21|26|27|28|31|32|35|38|39|42|43|44|45|46|104|106
68,1:116|1:43|1:67|7:116|13:2|19:69|22:193|25:279|33:233|41:66|46:238|51:184|59:223,1|6|8|10|11|15|17|18|21|26|27|28|31|32|35|38|39|42|43|44|45|46|104|106
69,1:22|6:74|11:35|15:79|17:77|19:78|23:51|30:230|37:75|45:21,6|9|10|11|17|19|21|22|27|32|36|42|43|44|45|46|101|105
70,1:22|1:35|1:74|6:74|11:35|15:79|17:77|19:78|24:51|33:230|42:75|54:21,6|9|10|11|17|19|21|22|27|32|36|42|43|44|45|46|101|105
71,1:22|1:230|1:254|1:255|1:256|1:75|1:79,6|9|10|11|15|17|19|21|22|27|32|36|42|43|44|45|46|101|105
72,1:40|6:48|12:132|19:51|25:61|30:35|36:112|43:103|49:56,3|6|7|10|13|14|17|18|19|21|27|32|36|42|43|44|45|46|101|103|107|108
73,1:132|1:40|1:48|6:48|12:132|19:51|25:61|30:35|38:112|47:103|55:56,3|6|7|10|13|14|15|17|18|19|21|27|32|36|42|43|44|45|46|101|103|107|108
74,1:111|1:33|6:300|11:88|16:222|21:120|26:205|31:350|36:89|41:153|46:38,1|6|10|11|17|21|26|27|28|31|32|35|37|38|39|42|43|44|45|104|106
75,1:111|1:300|1:33|1:88|6:300|11:88|16:222|21:120|29:205|37:350|45:89|53:153|62:38,1|6|10|11|17|21|26|27|28|31|32|35|37|38|39|42|43|44|45|104|106
76,1:111|1:300|1:33|1:88|6:300|11:88|16:222|21:120|29:205|37:350|45:89|53:153|62:38,1|5|6|10|11|15|17|21|26|27|28|31|32|35|37|38|39|42|43|44|45|104|106
77,1:98|5:45|9:39|14:52|19:23|25:83|31:36|38:97|45:340|53:126,6|10|11|17|21|22|23|27|32|35|38|42|43|44|45|50|104
78,1:39|1:45|1:52|1:98|5:45|9:39|14:52|19:23|25:83|31:36|38:97|40:31|50:340|63:126,6|10|11|15|17|21|22|23|27|32|35|38|42|43|44|45|50|104
79,1:174|1:281|1:33|6:45|13:55|17:93|24:50|29:29|36:133|40:94|47:244,3|4|6|7|10|11|13|14|17|18|20|21|23|26|27|28|29|30|32|35|38|42|43|44|45|48|103|104|105|108
80,1:174|1:281|1:33|1:45|6:45|13:55|17:93|24:50|29:29|36:133|37:110|44:94|55:244,1|3|4|6|7|10|11|13|14|15|17|18|20|21|23|26|27|28|29|30|31|32|35|38|42|43|44|45|48|103|104|105|106|108
81,1:319|1:33|6:84|11:48|16:49|21:86|26:209|32:199|38:129|44:103|50:192,6|10|11|17|18|21|24|25|27|32|33|34|42|43|44|105
82,1:319|1:33|1:48|1:84|6:84|11:48|16:49|21:86|26:209|35:199|44:161|53:103|62:192,6|10|11|15|17|18|21|24|25|27|32|33|34|42|43|44|105
83,1:64|6:28|11:43|16:31|21:282|26:210|31:14|36:97|41:163|46:206,6|10|11|17|21|23|27|32|40|42|43|44|45|46|47|101|102
84,1:45|1:64|9:228|13:31|21:161|25:99|33:253|37:65|45:97,6|10|11|17|21|27|32|40|42|43|44|45|46|47|102
85,1:228|1:31|1:45|1:64|9:228|13:31|21:161|25:99|38:253|47:65|60:97,6|10|11|12|15|17|21|27|32|40|41|42|43|44|45|46|47|102
86,1:29|9:45|17:196|21:62|29:156|37:36|41:58|49:219,3|6|7|10|13|14|17|18|20|21|27|32|42|43|44|45|46|103|107|108
87,1:196|1:29|1:324|1:45|1:62|9:45|17:196|21:62|29:156|34:329|42:36|51:58|64:219,3|6|7|10|13|14|15|17|18|20|21|27|32|42|43|44|45|46|103|107|108
88,1:1|1:139|4:106|8:50|13:124|19:107|26:103|34:151|43:188|53:262,6|10|11|12|17|18|19|21|24|25|27|28|32|34|35|36|38|39|41|42|43|44|45|46
89,1:1|1:106|1:139|4:106|8:50|13:124|19:107|26:103|34:151|47:188|61:262,1|6|10|11|12|15|17|18|19|21|24|25|27|28|31|32|34|35|36|38|39|41|42|43|44|45|46|104|106
90,1:110|1:33|8:333|15:48|22:62|29:182|36:43|43:128|50:58,3|6|7|10|13|14|17|18|21|27|32|42|43|44|45|103|108
91,1:110|1:182|1:48|1:62|36:191|43:131,3|6|7|10|13|14|15|17|18|21|27|32|41|42|43|44|45|103|108
92,1:122|1:95|8:180|13:174|16:101|21:109|28:138|33:194|36:247|41:171|48:212,6|10|11|12|17|18|19|21|24|27|29|30|32|36|41|42|43|44|45|46|48|49
93,1:122|1:180|1:95|8:180|13:174|16:101|21:109|25:325|31:138|39:194|45:247|53:171|64:212,6|10|11|12|17|18|19|21|24|27|29|30|32|36|41|42|43|44|45|46|48|49
94,1:122|1:180|1:95|8:180|13:174|16:101|21:109|25:325|31:138|39:194|45:247|53:171|64:212,1|6|10|11|12|15|17|18|19|21|24|25|27|29|30|31|32|36|41|42|43|44|45|46|48|49|104|106
95,1:103|1:33|8:20|12:88|19:106|23:99|30:225|34:201|41:21|45:231|52:328|56:38,5|6|10|11|12|17|21|23|26|27|28|32|37|39|41|42|43|44|45|104|106
96,1:1|1:95|7:50|11:93|17:29|21:139|27:96|31:94|37:244|41:207|47:248,1|4|6|10|11|12|16|17|18|20|21|27|29|30|31|32|33|41|42|43|44|45|46|48|49|105
97,1:1|1:171|1:50|1:93|1:95|7:50|11:93|17:29|21:139|29:96|35:94|43:244|49:207|57:248,1|4|6|10|11|12|15|16|17|18|20|21|27|29|30|31|32|33|41|42|43|44|45|46|48|49|105
98,1:145|5:43|12:11|16:106|23:341|27:23|34:12|38:182|45:152|49:175,3|6|7|10|13|14|17|18|21|27|28|32|39|42|43|44|45|46|101|103|104|106|108
99,1:106|1:11|1:145|1:232|1:43|5:43|12:11|16:106|23:341|27:23|38:12|42:182|57:152|65:175,3|6|7|10|13|14|15|17|18|21|27|28|32|39|42|43|44|45|46|101|103|104|106|108
100,1:268|1:33|8:103|15:49|21:209|27:120|32:205|37:113|42:129|46:153|49:243,6|10|12|16|17|18|21|24|25|27|32|34|41|42|43|44|46|105
101,1:103|1:268|1:33|1:49|8:103|15:49|21:209|27:120|34:205|41:113|48:129|54:153|59:243,6|10|12|15|16|17|18|21|24|25|27|32|34|41|42|43|44|46|105
102,1:140|1:253|1:95|7:115|13:73|19:93|25:78|31:77|37:79|43:76,6|9|10|11|16|17|19|21|22|27|29|32|33|36|42|43|44|45|46|48|104|105
103,1:140|1:93|1:95|19:23|31:121,6|9|10|11|15|16|17|19|21|22|27|29|32|33|36|42|43|44|45|46|48|104|105
104,1:45|5:39|9:125|13:29|17:43|21:116|25:155|29:99|33:206|37:37|41:198|45:38,1|6|10|11|13|14|17|21|23|26|27|28|31|32|35|37|38|39|40|42|43|44|45|46|104|106
105,1:125|1:29|1:39|1:45|5:39|9:125|13:29|17:43|21:116|25:155|32:99|39:206|46:37|53:198|61:38,1|6|10|11|13|14|15|17|21|23|26|27|28|31|32|35|37|38|39|40|42|43|44|45|46|104|106
106,1:24|1:279|6:96|11:27|16:26|20:280|21:116|26:136|31:170|36:193|41:203|46:25|51:179,1|6|8|10|11|17|18|21|26|27|31|32|39|42|43|44|45|46|104|106
107,1:279|1:4|7:97|13:228|20:183|26:7|26:8|26:9|32:327|38:5|44:197|50:68,1|6|8|10|11|17|18|21|26|27|31|32|39|42|43|44|45|46|104|106
108,1:122|7:48|12:111|18:282|23:23|29:35|34:50|40:21|45:103|51:287,1|3|6|10|11|13|14|15|17|18|21|22|23|24|25|26|27|28|30|31|32|34|35|37|38|39|42|43|44|45|46|101|103|104|106
109,1:139|1:33|9:123|17:120|21:124|25:108|33:114|41:153|45:194|49:262,6|10|11|12|17|18|21|24|25|27|30|32|34|35|36|38|41|42|43|44|45|46|105
110,1:120|1:123|1:139|1:33|9:123|17:120|21:124|25:108|33:114|44:153|51:194|58:262,6|10|11|12|15|17|18|21|24|25|27|30|32|34|35|36|38|41|42|43|44|45|46|105
111,1:30|1:39|10:23|15:31|24:184|29:350|38:32|43:36|52:89|57:224,5|6|10|11|13|14|17|18|21|23|24|25|26|27|28|32|34|35|37|38|39|42|43|44|45|46|104|106
112,1:23|1:30|1:31|1:39|10:23|15:31|24:184|29:350|38:32|46:36|58:89|66:224,1|5|6|10|11|13|14|15|17|18|21|23|24|25|26|27|28|31|32|34|35|37|38|39|42|43|44|45|46|101|103|104|106
113,1:1|1:45|5:39|9:287|13:135|17:3|23:107|29:47|35:121|41:111|49:113|57:38,1|3|4|6|7|10|11|13|14|15|16|17|18|20|21|22|23|24|25|26|27|29|30|31|32|34|35|37|38|39|42|43|44|45|48|49|104|105|106
114,1:132|1:275|4:79|10:71|13:74|19:77|22:22|28:20|31:72|37:78|40:21|46:321,6|9|10|11|15|17|19|21|22|27|32|36|42|43|44|45|46|101|105|106
115,1:4|1:43|7:44|13:39|19:252|25:5|31:99|37:203|43:146|49:179,1|3|5|6|7|10|11|13|14|15|17|18|21|22|23|24|25|26|27|28|30|31|32|34|35|37|38|39|40|42|43|44|45|46|101|103|104|106
116,1:145|8:108|15:43|22:55|29:239|36:97|43:56|50:349,3|6|7|10|13|14|17|18|21|27|32|42|43|44|45|103|107|108
117,1:108|1:145|1:43|1:55|8:108|15:43|22:55|29:239|40:97|51:56|62:349,3|6|7|10|13|14|15|17|18|21|27|32|42|43|44|45|103|107|108
118,1:346|1:39|1:64|10:48|15:30|24:175|29:31|38:127|43:32|52:97|57:224,3|6|7|10|13|14|17|18|21|27|32|42|43|44|45|103|107|108
119,1:346|1:39|1:48|1:64|10:48|15:30|24:175|29:31|41:127|49:32|61:97|69:224,3|6|7|10|13|14|15|17|18|21|27|32|42|43|44|45|103|107|108
120,1:106|1:33|6:55|10:229|15:105|19:293|24:129|28:61|33:107|37:113|42:322|46:56,3|6|7|10|13|14|16|17|18|21|24|25|27|29|32|33|42|43|44|103|105|107|108
121,1:105|1:129|1:229|1:55|33:109,3|6|7|10|13|14|15|16|17|18|21|24|25|27|29|32|33|42|43|44|48|103|105|107|108
122,1:112|5:93|8:164|12:96|15:3|19:113|19:115|22:345|26:227|29:60|33:278|36:271|40:272|43:94|47:226|50:219,1|4|6|10|11|12|15|16|17|18|20|21|22|24|25|27|29|30|31|32|33|34|41|42|43|44|45|46|48|49|105
123,1:43|1:98|6:116|11:228|16:206|21:97|26:17|31:163|36:14|41:104|46:210,6|10|11|15|17|18|21|27|32|40|42|43|44|45|46|47|101|106
124,1:1|1:122|1:142|1:181|9:142|13:181|21:3|25:8|35:212|41:313|51:34|57:195|67:59,1|3|4|6|7|10|12|13|14|15|16|17|18|21|27|29|30|31|32|33|41|42|43|44|45|46|48|105
125,1:43|1:9|1:98|9:9|17:113|25:129|36:103|47:85|58:87,1|6|10|15|16|17|18|21|23|24|25|27|29|31|32|34|42|43|44|45|46|104|105|106
126,1:123|1:43|1:52|1:7|7:43|13:123|19:7|25:108|33:241|41:53|49:109|57:126,1|6|10|11|15|17|21|23|27|29|31|32|35|38|42|43|44|45|46|104|106
127,1:11|1:116|7:20|13:69|19:106|25:279|31:280|37:12|43:66|49:14,1|6|8|10|11|15|17|18|21|26|27|28|31|32|39|42|43|44|45|46|101|104|106
128,1:33|1:39|4:99|8:30|13:184|19:228|26:207|34:156|43:37|53:36,3|6|10|11|13|14|15|17|18|21|22|23|24|25|26|27|32|34|35|37|38|39|42|43|44|45|103|104|106
129,1:150|15:33|30:175,
130,1:37|20:44|25:82|30:43|35:239|40:56|45:240|50:349|55:63,3|5|6|7|10|12|13|14|15|17|18|21|24|25|26|27|32|35|37|38|41|42|43|44|45|103|104|106|107|108
131,1:45|1:47|1:55|7:54|13:34|19:109|25:195|31:58|37:240|43:219|49:56|55:329,3|5|6|7|10|13|14|15|17|18|20|21|23|24|25|27|29|32|34|42|43|44|45|103|104|106|107|108
132,1:144,
133,1:270|1:33|1:39|8:28|16:45|23:98|30:44|36:226|42:36,6|10|11|17|18|21|23|27|28|30|32|42|43|44|45
134,1:270|1:33|1:39|8:28|16:55|23:98|30:44|36:62|42:114|47:151|52:56,3|5|6|7|10|11|13|14|15|17|18|21|23|27|28|30|32|42|43|44|45|103|107|108
135,1:270|1:33|1:39|8:28|16:84|23:98|30:24|36:42|42:86|47:97|52:87,5|6|10|11|15|17|18|21|23|24|25|27|28|30|32|34|42|43|44|45|105
136,1:270|1:33|1:39|8:28|16:52|23:98|30:44|36:83|42:123|47:43|52:53,5|6|10|11|15|17|18|21|23|27|28|30|32|35|38|42|43|44|45|50
137,1:160|1:176|1:33|9:97|12:60|20:105|24:159|32:199|36:161|44:278|48:192,6|10|11|13|14|15|17|18|21|22|23|24|25|27|29|30|32|34|40|42|43|44|46|105
138,1:110|1:132|13:44|19:55|25:341|31:43|37:182|43:321|49:246|55:56,3|6|7|10|13|14|17|18|21|27|32|37|39|42|43|44|45|46|103|106|107|108
139,1:110|1:132|1:44|1:55|13:44|19:55|25:341|31:43|37:182|40:131|46:321|55:246|65:56,3|6|7|10|13|14|15|17|18|21|27|32|37|39|42|43|44|45|46|103|106|107|108
140,1:10|1:106|13:71|19:43|25:341|31:28|37:203|43:319|49:72|55:246,3|6|7|10|13|14|17|18|19|21|27|28|32|37|39|40|42|43|44|45|46|103|106|107
141,1:10|1:106|1:210|1:43|1:71|13:71|19:43|25:341|31:28|37:203|40:163|46:319|55:72|65:246,3|6|7|10|13|14|15|17|18|19|21|27|28|31|32|37|39|40|42|43|44|45|46|101|103|106|107|108
142,1:17|8:97|15:44|22:48|29:246|36:184|43:36|50:63,2|5|6|10|11|12|15|17|18|21|23|26|27|32|35|37|38|39|40|41|42|43|44|45|46|47|102|104|106
143,1:33|5:133|9:111|13:187|17:29|21:281|25:156|29:173|33:34|37:214|41:335|45:343|49:205|53:63,1|3|6|10|11|13|14|15|17|18|21|22|24|25|26|27|29|30|31|32|34|35|37|38|39|42|43|44|45|103|104
144,1:16|1:181|13:54|25:97|37:170|49:58|61:115|73:59|85:329,3|5|6|7|10|11|13|14|15|17|18|21|27|32|33|37|40|42|43|44|47|102|106
145,1:64|1:84|13:86|25:97|37:197|49:65|61:268|73:113|85:87,5|6|10|11|15|16|17|18|21|24|25|27|32|34|37|40|42|43|44|47|102|105|106
146,1:17|1:52|13:83|25:97|37:203|49:53|61:219|73:257|85:143,5|6|10|11|15|17|18|20|21|27|32|35|37|38|40|42|43|44|47|50|102|106
147,1:35|1:43|8:86|15:239|22:82|29:21|36:97|43:219|50:200|57:63,3|6|7|10|11|13|14|15|17|18|20|21|23|24|25|27|32|34|35|38|42|43|44|45|103|107
148,1:239|1:35|1:43|1:86|8:86|15:239|22:82|29:21|38:97|47:219|56:200|65:63,3|6|7|10|11|13|14|15|17|18|20|21|23|24|25|27|32|34|35|38|42|43|44|45|103|107
149,1:239|1:35|1:43|1:86|8:86|15:239|22:82|29:21|38:97|47:219|55:17|61:200|75:63,1|2|3|5|6|7|10|11|13|14|15|17|18|20|21|23|24|25|26|27|31|32|34|35|37|38|39|40|42|43|44|45|47|101|102|103|104|106|107|108
150,1:50|1:93|11:112|22:54|33:129|44:105|55:219|66:94|77:244|88:248|99:133,1|3|4|6|7|8|10|11|12|13|14|15|16|17|18|20|21|22|23|24|25|26|27|29|30|31|32|33|34|35|37|38|39|40|41|42|43|44|48|49|104|105|106
151,1:1|10:144|20:5|30:118|40:94|50:246,1|2|3|4|5|6|7|8|9|10|11|12|13|14|15|16|17|18|19|20|21|22|23|24|25|26|27|28|29|30|31|32|33|34|35|36|37|38|39|40|41|42|43|44|45|46|47|48|49|50|101|102|103|104|105|106|107|108
152,1:33|1:45|8:75|12:115|15:77|22:235|29:34|36:113|43:219|50:76,6|9|10|11|16|17|19|20|21|22|23|27|32|33|42|43|44|45|101|105
153,1:115|1:33|1:45|1:75|8:75|12:115|15:77|23:235|31:34|39:113|47:219|55:76,6|9|10|11|16|17|19|20|21|22|23|27|32|33|42|43|44|45|101|104|105|106
154,1:115|1:33|1:45|1:75|8:75|12:115|15:77|23:235|31:34|41:113|51:219|61:76,6|9|10|11|15|16|17|19|20|21|22|23|26|27|32|33|42|43|44|45|101|104|105|106
155,1:33|1:43|6:108|12:52|19:98|27:172|36:129|46:53,6|10|11|17|21|27|28|32|35|38|40|42|43|44|45|50|101
156,1:108|1:33|1:43|6:108|12:52|21:98|31:172|42:129|54:53,1|5|6|10|11|17|21|27|28|31|32|35|38|40|42|43|44|45|50|101|104|106
157,1:108|1:33|1:43|1:52|6:108|12:52|21:98|31:172|45:129|60:53,1|5|6|10|11|15|17|21|26|27|28|31|32|35|38|40|42|43|44|45|50|101|104|106
158,1:10|1:43|7:99|13:55|20:44|27:184|35:163|43:103|52:56,1|3|6|7|10|13|14|17|18|21|23|27|28|31|32|40|42|43|44|45|101|103|107|108
159,1:10|1:43|1:99|7:99|13:55|21:44|28:184|37:163|45:103|55:56,1|3|5|6|7|10|13|14|17|18|21|23|27|28|31|32|40|42|43|44|45|101|103|104|106|107|108
160,1:10|1:43|1:55|1:99|7:99|13:55|21:44|28:184|38:163|47:103|58:56,1|2|3|5|6|7|10|13|14|15|17|18|21|23|26|27|28|31|32|40|42|43|44|45|101|103|104|106|107|108
161,1:10|4:111|7:98|12:154|17:270|24:21|31:266|40:156|49:133,1|3|6|10|11|13|17|18|21|22|23|24|27|28|30|31|32|34|35|42|43|44|45|46|101|103
162,1:10|1:111|1:98|4:111|7:98|12:154|19:270|28:21|37:266|48:156|59:133,1|3|6|10|11|13|14|15|17|18|21|22|23|24|25|27|28|30|31|32|34|35|42|43|44|45|46|101|103|104|106
163,1:33|1:45|6:193|11:64|16:95|22:115|28:36|34:93|48:138,6|10|11|17|18|21|27|29|30|32|33|40|42|43|44|45|46|47|102|105
164,1:193|1:33|1:45|1:64|6:193|11:64|16:95|25:115|33:36|41:93|57:138,6|10|11|15|17|18|21|27|29|30|32|33|40|42|43|44|45|46|47|102|105
165,1:33|8:48|15:4|22:113|22:115|22:219|29:226|36:129|43:97|50:38,1|6|10|11|16|17|19|20|21|22|27|28|31|32|33|40|42|43|44|45|46|105
166,1:33|1:48|8:48|15:4|24:113|24:115|24:219|33:226|42:129|51:97|60:38,1|6|10|11|15|16|17|19|20|21|22|27|28|31|32|33|40|42|43|44|45|46|105
167,1:40|1:81|6:184|11:132|17:101|23:141|30:154|37:169|45:97|53:94,6|10|11|17|19|21|22|27|28|29|32|36|42|43|44|45|46|105
168,1:132|1:184|1:40|1:81|6:184|11:132|17:101|25:141|34:154|43:169|53:97|63:94,6|10|11|15|17|19|21|22|27|28|29|32|36|42|43|44|45|46|105
169,1:103|1:141|1:310|1:48|6:310|11:48|16:44|21:17|28:109|35:314|42:212|49:305|56:114,6|10|11|12|15|17|18|19|21|27|30|32|36|40|41|42|43|44|45|46|47|49|102
170,1:145|1:86|5:48|13:175|17:55|25:209|29:109|37:36|41:56|49:268,3|6|7|10|13|14|17|18|21|24|25|27|32|34|42|43|44|45|103|105|107|108
171,1:145|1:48|1:86|5:48|13:175|17:55|25:209|32:109|43:36|50:56|61:268,3|6|7|10|13|14|15|17|18|21|24|25|27|32|34|42|43|44|45|103|105|107|108
172,1:204|1:84|6:39|8:86|11:186,6|10|16|17|18|21|23|24|25|27|32|34|42|43|44|45|105
173,1:1|1:204|4:227|8:47|13:186|17:345,3|6|10|11|16|17|18|20|21|22|23|27|28|29|30|32|33|34|35|38|42|43|44|45|105
174,1:204|1:47|4:111|9:1|14:186,3|6|10|11|16|17|18|20|21|22|27|28|29|30|32|33|34|35|38|42|43|44|45|105
175,1:204|1:45|4:118|9:186|13:281|17:227|21:246|25:266|29:273|33:219|37:38|41:226,3|6|10|11|16|17|18|20|21|22|27|29|30|32|33|34|35|38|42|43|44|45|105|106
176,1:118|1:186|1:204|1:345|1:45|4:118|9:186|13:281|17:227|21:246|25:266|29:273|33:219|37:38|41:226,1|3|6|10|11|15|16|17|18|20|21|22|27|29|30|31|32|33|34|35|38|40|42|43|44|45|47|102|105|106
177,1:43|1:64|10:101|20:100|30:248|30:273|40:109|50:94,4|6|10|11|16|17|18|19|21|22|27|29|30|32|33|40|42|43|44|45|46|47|48|105
178,1:43|1:64|10:101|20:100|35:248|35:273|50:109|65:94,4|6|10|11|15|16|17|18|19|21|22|27|29|30|32|33|40|42|43|44|45|46|47|48|102|105
179,1:33|1:45|9:84|16:86|23:178|30:113|37:87,6|10|16|17|18|21|23|24|25|27|32|34|42|43|44|45|105
180,1:33|1:45|1:84|9:84|18:86|27:178|36:113|45:87,1|6|10|16|17|18|21|23|24|25|27|31|32|34|42|43|44|45|104|105|106
181,1:33|1:45|1:84|1:86|9:84|18:86|27:178|30:9|42:113|57:87,1|6|10|15|16|17|18|21|23|24|25|27|31|32|34|42|43|44|45|104|105|106
182,1:230|1:345|1:71|1:78|44:80|55:76,6|9|10|11|15|17|19|20|21|22|27|32|36|42|43|44|45|101|105
183,1:33|3:111|6:39|10:55|15:205|21:61|28:38|36:240|45:56,1|3|6|7|10|13|14|17|18|21|23|27|28|31|32|42|43|44|45|103|104|106|107|108
184,1:111|1:33|1:39|1:55|3:111|6:39|10:55|15:205|24:61|34:38|45:240|57:56,1|3|6|7|10|13|14|15|17|18|21|23|27|28|31|32|42|43|44|45|103|104|106|107|108
185,1:102|1:88|9:175|17:67|25:157|33:335|41:185|49:21|57:38,1|4|6|10|11|12|17|21|26|27|28|31|32|37|39|42|43|44|45|46|104|106
186,1:195|1:3|1:55|1:95|35:195|51:207,1|3|6|7|10|13|14|15|17|18|21|26|27|28|29|31|32|42|43|44|45|46|103|104|106|107|108
187,1:150|5:235|5:39|10:33|13:77|15:78|17:79|20:73|25:178|30:72,6|9|10|11|17|19|21|22|27|32|40|42|43|44|45|105
188,1:150|1:235|1:33|1:39|5:235|5:39|10:33|13:77|15:78|17:79|22:73|29:178|36:72,6|9|10|11|17|19|21|22|27|32|40|42|43|44|45|105
189,1:150|1:235|1:33|1:39|5:235|5:39|10:33|13:77|15:78|17:79|22:73|33:178|44:72,6|9|10|11|15|17|19|21|22|27|32|40|42|43|44|45|105
190,1:10|1:39|6:28|13:310|18:226|25:321|31:154|38:129|43:103|50:97,1|3|6|10|11|12|17|18|21|22|23|24|25|27|28|30|31|32|34|40|42|43|44|45|46|49|101|104|106
191,1:71|6:74|13:72|18:275|25:283|30:241|37:235|42:202,6|9|10|11|16|17|19|20|21|22|27|32|36|42|43|44|45|101|105
192,1:1|1:71|6:74|13:75|18:275|25:331|30:241|37:80|42:76,6|9|10|11|15|16|17|19|20|21|22|27|32|36|42|43|44|45|101|105
193,1:193|1:33|6:98|12:104|17:49|23:95|28:197|34:253|39:17|45:48|50:103,6|10|11|17|19|21|22|27|29|30|32|40|42|43|44|45|46|47|105
194,1:39|1:55|11:21|16:341|21:133|31:281|36:89|41:240|51:114|51:54,3|6|7|10|13|14|17|18|21|23|26|27|28|32|36|37|42|43|44|45|103|105|106|107|108
195,1:39|1:55|11:21|16:341|23:133|35:281|42:89|49:240|61:114|61:54,1|3|6|7|10|13|14|15|17|18|21|23|26|27|28|31|32|36|37|39|42|43|44|45|103|104|105|106|107|108
196,1:270|1:33|1:39|8:28|16:93|23:98|30:129|36:60|42:244|47:94|52:234,4|6|10|11|15|16|17|18|21|23|27|28|29|30|32|33|42|43|44|45|48|101|105
197,1:270|1:33|1:39|8:28|16:228|23:98|30:109|36:185|42:212|47:103|52:236,6|10|11|12|15|17|18|21|23|27|28|29|30|32|41|42|43|44|45|49|101|105
198,1:64|9:310|14:228|22:114|27:101|35:185|40:269|48:212,4|6|10|11|12|17|18|21|27|30|32|40|41|42|43|44|45|46|47|49|102
199,1:174|1:281|1:33|6:45|13:55|17:93|24:50|29:29|36:207|40:94|47:244,1|3|4|6|7|10|11|13|14|15|17|18|20|21|23|26|27|28|29|30|31|32|35|38|42|43|44|45|48|103|104|105|106|108
200,1:149|1:45|6:180|11:310|17:109|23:212|30:60|37:220|45:195|53:288,4|6|10|11|12|17|18|21|24|25|27|29|30|32|34|40|41|42|43|44|45|46|48|49|105
201,1:237,
202,1:194|1:219|1:243|1:68,
203,1:33|1:45|7:310|13:93|19:23|25:316|31:97|37:226|43:60|49:242,4|6|10|11|16|17|18|21|23|24|25|26|27|29|30|32|33|34|42|43|44|45|46|48|104|105|106
204,1:182|1:33|8:120|15:36|22:229|29:117|36:153|43:191|50:38,6|10|11|16|17|19|21|22|26|27|28|32|33|37|42|43|44|45|104|106
205,1:120|1:182|1:33|8:120|15:36|22:229|29:117|31:192|39:153|49:191|59:38,6|10|11|15|16|17|19|21|22|26|27|28|32|33|37|42|43|44|45|104|106
206,1:99|4:111|11:281|14:137|21:205|24:180|31:228|34:103|41:36|44:175|51:283,3|4|6|10|11|13|14|17|18|21|22|23|24|25|26|27|28|30|32|34|35|38|39|42|43|44|45|46|104|106
207,1:40|6:28|13:106|20:98|28:185|36:163|44:103|52:12,6|10|11|17|18|21|23|26|27|28|32|36|37|39|40|42|43|44|45|46|47|101|104|106
208,1:103|1:33|8:20|12:88|19:106|23:99|30:225|34:201|41:21|45:231|52:242|56:38,5|6|10|11|12|15|17|21|23|26|27|28|32|37|39|41|42|43|44|45|101|104|106
209,1:184|1:33|4:39|8:204|13:44|19:122|26:46|34:99|43:36|53:242,1|3|5|6|8|10|11|12|17|18|21|22|24|25|26|27|28|30|31|32|34|35|36|38|41|42|43|44|45|46|50|104|106
210,1:184|1:33|4:39|8:204|13:44|19:122|28:46|38:99|49:36|61:242,1|3|5|6|8|10|11|12|15|17|18|21|22|23|24|25|26|27|28|30|31|32|34|35|36|38|39|41|42|43|44|45|46|50|104|106
211,1:191|1:33|1:40|9:106|9:107|13:55|21:42|25:279|33:36|37:56|45:194,3|6|7|10|13|14|17|18|21|27|30|32|34|36|42|43|44|45|103|107|108
212,1:43|1:98|6:116|11:228|16:206|21:97|26:232|31:163|36:14|41:334|46:210,6|10|11|15|17|18|21|27|32|37|40|42|43|44|45|46|47|101|104|106
213,1:110|1:132|9:35|14:227|23:219|28:117|37:156,6|10|11|17|20|21|26|27|28|32|36|37|39|42|43|44|45|104|105|106
214,1:33|1:43|6:30|11:203|17:31|23:280|30:68|37:36|45:179|53:224,1|6|8|10|11|15|17|18|21|26|27|28|31|32|39|42|43|44|45|46|101|104|106
215,1:10|1:269|1:43|8:98|15:103|22:185|29:154|36:97|43:196|50:163|57:251|64:232,1|4|6|7|10|11|12|13|14|17|18|21|23|27|28|30|31|32|40|41|42|43|44|45|46|49|101|103|104|106
216,1:10|1:43|7:122|13:154|19:313|25:185|31:156|37:163|43:173|49:37,1|5|6|8|10|11|12|17|18|21|26|27|28|31|32|40|41|42|43|44|45|46|101|104|106
217,1:10|1:122|1:154|1:43|7:122|13:154|19:313|25:185|31:156|37:163|43:173|49:37,1|5|6|8|10|11|12|15|17|18|21|26|27|28|31|32|39|40|41|42|43|44|45|46|101|104|106
218,1:123|1:281|8:52|15:88|22:106|29:133|36:53|43:157|50:34,6|10|11|16|17|21|27|32|33|35|38|42|43|44|45|50|106
219,1:123|1:281|1:52|1:88|8:52|15:88|22:106|29:133|36:53|48:157|60:34,6|10|11|15|16|17|21|26|27|32|33|35|37|38|39|42|43|44|45|50|104|106
220,1:316|1:33|10:181|19:203|28:36|37:54|46:59|55:133,5|6|7|10|13|14|16|17|18|21|26|27|28|32|33|37|39|42|43|44|45|104|106
221,1:181|1:203|1:30|1:316|10:181|19:203|28:36|33:31|42:54|56:59|70:133,5|6|7|10|13|14|15|16|17|18|21|26|27|28|32|33|37|39|42|43|44|45|104|106
222,1:33|6:106|12:145|17:105|17:287|23:61|28:131|34:350|39:243|45:246,3|4|6|7|10|11|13|14|16|17|18|20|21|26|27|28|29|30|32|33|37|39|42|43|44|45|103|104|106
223,1:55|11:199|22:60|22:61|22:62|33:116|44:58|55:63,3|6|10|11|13|14|15|17|18|21|27|29|32|35|38|42|43|44|45|46|103|107|108
224,1:55|11:132|22:60|22:61|22:62|25:190|38:116|54:58|70:63,3|6|9|10|11|13|14|15|17|18|21|27|29|32|35|36|38|42|43|44|45|46|103|107|108
225,1:217,1|3|6|7|10|13|14|17|18|21|27|32|40|42|43|44|45|46|102
226,1:145|1:33|8:48|15:61|22:36|29:97|36:17|43:352|50:109,3|6|7|10|13|14|17|18|21|26|27|32|40|42|43|44|45|103|107|108
227,1:43|1:64|10:28|13:129|16:97|26:31|29:314|32:211|42:191|45:319,5|6|10|11|12|17|21|27|32|37|40|41|42|43|44|45|46|47|101|102|106
228,1:43|1:52|7:336|13:123|19:46|25:44|31:316|37:185|43:53|49:242,5|6|10|11|12|17|21|22|23|27|30|32|35|36|38|41|42|43|44|45|46|49|50|106
229,1:336|1:43|1:52|7:336|13:123|19:46|27:44|35:316|43:185|51:53|59:242,5|6|10|11|12|15|17|21|22|23|27|30|32|35|36|38|41|42|43|44|45|46|49|50|104|106
230,1:108|1:145|1:43|1:55|8:108|15:43|22:55|29:239|40:97|51:56|62:349,3|6|7|10|13|14|15|17|18|21|27|32|42|43|44|45|103|107|108
231,1:316|1:33|1:45|9:111|17:175|25:36|33:205|41:203|49:38,5|6|10|11|17|21|23|26|27|32|37|39|42|43|44|45|104|106
232,1:30|1:316|1:45|9:111|17:175|25:31|33:205|41:229|49:89,5|6|10|11|15|17|21|23|26|27|32|37|39|42|43|44|45|104|106
233,1:160|1:176|1:33|9:97|12:60|20:105|24:111|32:199|36:161|44:278|48:192,6|10|11|13|14|15|17|18|21|22|23|24|25|27|29|30|32|34|40|42|43|44|46|105
234,1:33|7:43|11:310|17:95|21:23|27:28|31:272|37:36|41:109|47:347,4|5|6|10|11|16|17|18|21|22|23|24|25|26|27|29|30|32|33|34|42|43|44|45|46|48|105
235,1:166|11:166|21:166|31:166|41:166|51:166|61:166|71:166|81:166|91:166,
236,1:33,6|8|10|11|17|18|21|26|27|31|32|42|43|44|45|46|104|106
237,1:27|1:279|7:116|13:228|19:98|20:167|25:229|31:68|37:97|43:197|49:283,6|8|10|11|17|18|21|26|27|28|31|32|37|42|43|44|45|46|104|106
238,1:1|1:122|9:186|13:181|21:93|25:47|33:212|37:313|45:94|49:195|57:59,3|4|6|7|10|13|14|16|17|18|21|27|29|30|32|33|42|43|44|45|46|48|105
239,1:43|1:98|9:9|17:113|25:129|33:103|41:85|49:87,1|6|10|16|17|18|21|24|25|27|29|31|32|34|42|43|44|45|46|105|106
240,1:52|7:43|13:123|19:7|25:108|31:241|37:53|43:109|49:126,1|6|10|11|17|21|23|27|29|31|32|35|38|42|43|44|45|46|106
241,1:33|4:45|8:111|13:23|19:208|26:117|34:205|43:34|53:215,1|3|6|10|11|13|14|15|17|18|21|22|23|24|25|26|27|30|31|32|34|37|39|42|43|44|45|103|104|106
242,1:1|1:45|4:39|7:287|10:135|13:3|18:107|23:47|28:121|33:111|40:113|47:38,1|3|4|6|7|10|11|13|14|15|16|17|18|20|21|22|23|24|25|26|27|29|30|31|32|34|35|37|38|39|42|43|44|45|48|49|104|105|106
243,1:43|1:44|11:84|21:46|31:98|41:209|51:115|61:242|71:87|81:347,4|5|6|10|11|15|17|18|21|23|24|25|27|28|32|33|34|37|42|43|44|101|104|105|106
244,1:43|1:44|11:52|21:46|31:83|41:23|51:53|61:207|71:126|81:347,4|5|6|10|11|15|17|18|21|22|23|27|28|32|33|35|37|38|42|43|44|101|104|105|106
245,1:43|1:44|11:61|21:240|31:16|41:62|51:54|61:243|71:56|81:347,3|4|5|6|7|10|11|13|14|15|17|18|21|23|27|28|32|33|37|42|43|44|101|103|106|107|108
246,1:43|1:44|8:201|15:103|22:157|29:37|36:184|43:242|50:89|57:63,6|10|11|12|15|17|18|21|26|27|28|31|32|37|41|42|43|44|45|106
247,1:103|1:201|1:43|1:44|8:201|15:103|22:157|29:37|38:184|47:242|56:89|65:63,6|10|11|12|15|17|18|21|26|27|28|31|32|37|41|42|43|44|45|106
248,1:103|1:201|1:43|1:44|8:201|15:103|22:157|29:37|38:184|47:242|61:89|75:63,1|2|3|5|6|10|11|12|13|14|15|17|18|21|23|24|25|26|27|28|31|32|34|35|37|38|39|40|41|42|43|44|45|101|103|104|106
249,1:18|11:219|22:16|33:105|44:56|55:240|66:129|77:177|88:246|99:248,3|4|5|6|7|10|11|13|14|15|16|17|18|19|20|21|23|24|25|26|27|29|30|32|33|34|37|40|42|43|44|47|48|102|103|104|106|107|108
250,1:18|11:219|22:16|33:105|44:126|55:241|66:129|77:221|88:246|99:248,4|5|6|10|11|15|16|17|18|19|20|21|22|24|25|26|27|29|30|32|33|34|35|37|38|40|42|43|44|47|50|102|104|105|106
251,1:105|1:215|1:73|1:93|10:219|20:246|30:248|40:226|50:195,3|4|6|10|11|15|16|17|18|19|20|21|22|27|29|30|32|33|34|37|40|42|43|44|48|101|105
252,1:1|1:43|6:71|11:98|16:228|21:103|26:72|31:97|36:21|41:197|46:202,1|6|9|10|11|17|19|20|21|22|23|27|28|31|32|39|40|42|43|44|45|101|104|105|106
253,1:1|1:43|1:71|1:98|6:71|11:98|16:210|17:228|23:103|29:348|35:97|41:21|47:197|53:206,1|6|9|10|11|17|19|20|21|22|23|27|28|31|32|39|40|42|43|44|45|101|104|105|106
254,1:1|1:43|1:71|1:98|6:71|11:98|16:210|17:228|23:103|29:348|35:97|43:21|51:197|59:206,1|2|5|6|9|10|11|15|17|19|20|21|22|23|26|27|28|31|32|39|40|42|43|44|45|101|104|105|106
255,1:10|1:45|7:116|10:52|16:64|19:28|25:83|28:98|34:163|37:119|43:53,6|10|11|17|21|27|28|32|35|38|39|40|42|43|44|45|50|101|104|106
256,1:10|1:116|1:45|1:52|7:116|13:52|16:24|17:64|21:28|28:339|32:98|39:163|43:119|50:327,1|6|8|10|11|17|21|27|28|31|32|35|38|39|40|42|43|44|45|50|101|104|106
257,1:10|1:116|1:45|1:52|1:7|7:116|13:52|16:24|17:64|21:28|28:339|32:98|36:299|42:163|49:119|59:327,1|5|6|8|10|11|15|17|21|26|27|28|31|32|35|38|39|40|42|43|44|45|50|101|104|106
258,1:33|1:45|6:189|10:55|15:117|19:193|24:300|28:36|33:250|37:182|42:56|46:283,3|6|7|10|13|14|17|18|21|23|27|28|32|39|42|43|44|45|103|104|106|107|108
259,1:189|1:33|1:45|1:55|6:189|10:55|15:117|16:341|20:193|25:300|31:36|37:330|42:182|46:89|53:283,3|6|7|10|13|14|17|18|21|23|26|27|28|32|39|42|43|44|45|103|104|106|107|108
260,1:189|1:33|1:45|1:55|6:189|10:55|15:117|16:341|20:193|25:300|31:36|39:330|46:182|52:89|61:283,1|3|5|6|7|10|13|14|15|17|18|21|23|26|27|28|31|32|39|42|43|44|45|103|104|106|107|108
261,1:33|5:336|9:28|13:44|17:316|21:46|25:207|29:184|33:36|37:269|41:242|45:168,5|6|10|11|12|17|18|21|23|27|28|30|32|41|42|43|44|45|46|49|106
262,1:28|1:33|1:336|1:44|5:336|9:28|13:44|17:316|22:46|27:207|32:184|37:36|42:269|47:242|52:168,5|6|10|11|12|15|17|18|21|23|27|28|30|32|41|42|43|44|45|46|49|104|106
263,1:33|1:45|5:39|9:29|13:28|17:316|21:300|25:42|29:343|33:175|37:156|41:187,3|6|10|11|13|14|17|18|21|23|24|25|27|28|30|32|34|42|43|44|45|46|101|103|106
264,1:29|1:33|1:39|1:45|5:39|9:29|13:28|17:316|23:300|29:154|35:343|41:163|47:156|53:187,3|5|6|10|11|13|14|15|17|18|21|23|24|25|27|28|30|32|34|42|43|44|45|46|101|103|104|106
265,1:33|1:81|5:40,
266,1:106|7:106,
267,1:71|10:71|13:16|17:78|20:234|24:72|27:18|31:213|34:318|38:202,6|10|11|15|17|19|20|21|22|27|29|30|32|40|42|43|44|45|46|105
268,1:106|7:106,
269,1:93|10:93|13:16|17:182|20:236|24:60|27:18|31:113|34:318|38:92,6|10|11|15|16|17|19|21|22|27|29|30|32|36|40|42|43|44|45|46|105
270,1:310|3:45|7:71|13:267|21:54|31:240|43:72,3|6|7|9|10|11|13|14|17|18|19|21|22|27|32|42|43|44|45|46|103|105
271,1:310|3:45|7:71|13:267|19:252|25:154|31:346|37:168|43:253|49:56,3|6|7|9|10|11|13|14|17|18|19|21|22|27|31|32|42|43|44|45|46|103|104|105|106|107|108
272,1:267|1:310|1:45|1:71,1|3|6|7|9|10|11|13|14|15|17|18|19|21|22|27|31|32|42|43|44|45|46|103|104|105|106|107|108
273,1:117|3:106|7:74|13:267|21:235|31:241|43:153,6|9|10|11|17|19|21|22|27|28|30|32|42|43|44|45|105|106
274,1:1|3:106|7:74|13:267|19:252|25:259|31:185|37:13|43:207|49:326,6|9|10|11|15|17|19|21|22|27|28|30|31|32|39|41|42|43|44|45|46|101|104|105|106
275,1:1|1:106|1:267|1:74,6|9|10|11|15|17|19|21|22|27|28|30|31|32|39|40|41|42|43|44|45|46|101|104|105|106
276,1:45|1:64|4:116|8:98|13:17|19:104|26:283|34:332|43:97,6|10|11|17|18|21|27|32|40|42|43|44|45|46|47|102
277,1:116|1:45|1:64|1:98|4:116|8:98|13:17|19:104|28:283|38:332|49:97,6|10|11|15|17|18|21|27|32|40|42|43|44|45|46|47|102
278,1:45|1:55|7:48|13:17|21:54|31:98|43:228|55:97,3|6|7|10|13|14|17|18|21|27|32|34|40|42|43|44|45|46|47|102
279,1:17|1:346|1:45|1:55|3:55|7:48|13:17|21:54|25:182|33:254|33:256|47:255|61:56,3|6|7|10|13|14|15|17|18|21|27|32|34|40|42|43|44|45|46|47|102|103
280,1:45|6:93|11:104|16:100|21:347|26:94|31:286|36:248|41:95|46:138,4|6|10|11|12|16|17|18|20|21|24|27|29|30|32|33|34|41|42|43|44|45|46|48|49|105
281,1:100|1:104|1:345|1:45|1:93|6:93|11:104|16:100|21:347|26:94|33:286|40:248|47:95|54:138,4|6|10|11|12|16|17|18|20|21|24|27|29|30|32|33|34|41|42|43|44|45|46|48|49|105
282,1:100|1:104|1:45|1:93|6:93|11:104|16:100|21:347|26:94|33:286|42:248|51:95|60:138,4|6|10|11|12|15|16|17|18|20|21|24|27|29|30|32|33|34|41|42|43|44|45|46|48|49|105
283,1:145|7:98|13:230|19:346|25:61|31:97|37:114|37:54,3|6|10|11|13|14|17|18|19|21|22|27|30|32|42|43|44|45|46|105
284,1:145|1:230|1:346|1:98|7:98|13:230|19:346|26:16|33:184|40:78|47:318|53:18,3|6|10|11|13|14|15|17|18|19|21|22|27|30|32|40|42|43|44|45|46|105
285,1:71|4:33|7:78|10:73|16:72|22:29|28:77|36:74|45:202|54:147,6|9|10|11|17|19|20|21|22|27|32|36|42|43|44|45|49|105
286,1:33|1:71|1:73|1:78|4:33|7:78|10:73|16:72|22:29|23:183|28:68|36:327|45:170|54:223,1|6|8|9|10|11|15|17|19|20|21|22|23|27|31|32|36|42|43|44|45|49|101|104|105|106
287,1:10|1:281|7:227|13:303|19:185|25:133|31:343|37:68|43:175,1|3|6|8|10|11|13|14|17|18|21|22|24|25|27|30|31|32|34|35|38|40|42|43|44|45|101|104|106
288,1:10|1:116|1:227|1:253|7:227|13:253|19:154|25:203|31:163|37:68|43:264|49:179,1|3|5|6|8|10|11|12|13|14|17|18|21|22|24|25|26|27|30|31|32|34|35|38|40|42|43|44|45|101|104|106
289,1:10|1:227|1:281|1:303|7:227|13:303|19:185|25:133|31:343|36:207|37:68|43:175,1|3|5|6|8|10|11|12|13|14|15|17|18|21|22|24|25|26|27|30|31|32|34|35|38|40|42|43|44|45|101|104|106
290,1:10|1:106|5:141|9:28|14:154|19:170|25:206|31:189|38:232|45:91,6|10|11|17|19|21|22|27|28|30|32|37|40|42|43|44|101|105
291,1:10|1:106|1:141|1:28|5:141|9:28|14:154|19:170|20:103|20:104|20:210|25:14|31:163|38:97|45:226,6|10|11|15|17|19|21|22|27|28|30|32|37|40|42|43|44|45|46|101|105
292,1:10|1:106|5:141|9:28|14:154|19:170|25:180|31:109|38:247|45:288,6|10|11|15|17|19|21|22|27|28|30|32|37|40|42|43|44|46|101|105
293,1:1|5:253|11:310|15:336|21:48|25:23|31:103|35:46|41:156|41:214|45:304,3|5|6|10|11|13|14|17|18|21|22|27|30|32|34|35|38|42|43|44|45
294,1:1|1:253|1:310|1:336|5:253|11:310|15:336|23:48|29:23|37:103|43:46|51:156|51:214|57:304,3|5|6|10|11|12|13|14|17|18|21|22|26|27|30|31|32|34|35|38|41|42|43|44|45|50|104|106
295,1:1|1:253|1:310|1:336|5:253|11:310|15:336|23:48|29:23|37:103|40:63|45:46|55:156|55:214|63:304,3|5|6|10|11|12|13|14|15|17|18|21|22|26|27|30|31|32|34|35|38|41|42|43|44|45|50|104|106
296,1:116|1:33|4:28|10:292|13:233|19:252|22:18|28:282|31:265|37:187|40:203|46:69|49:179,1|6|8|10|11|17|18|21|26|27|28|31|32|39|42|43|44|45|103|104|106
297,1:116|1:28|1:292|1:33|4:28|10:292|13:233|19:252|22:18|29:282|33:265|40:187|44:203|51:69|55:179,1|6|8|10|11|15|17|18|21|26|27|28|31|32|39|42|43|44|45|103|104|106
298,1:150|3:204|6:39|10:145|15:21|21:55,3|6|7|10|13|14|17|18|21|23|27|32|42|43|44|45|103|107
299,1:33|7:106|13:88|16:335|22:86|28:157|31:201|37:156|43:192|46:199,6|10|11|12|17|21|24|25|26|27|32|34|37|39|41|42|43|44|45|104|106
300,1:33|1:45|3:39|7:213|13:47|15:3|19:274|25:204|27:185|31:343|37:215|39:38,3|4|6|10|11|13|14|17|18|20|21|22|23|24|25|27|28|30|32|34|42|43|44|45|105
301,1:213|1:3|1:45|1:47,3|4|6|10|11|13|14|15|17|18|20|21|22|23|24|25|27|28|30|32|34|42|43|44|45|104|105|106
302,1:10|1:43|5:193|9:101|13:310|17:154|21:252|25:197|29:185|33:282|37:109|41:247|45:212,1|3|4|6|10|11|12|17|18|21|27|28|29|30|31|32|34|39|40|41|42|43|44|45|46|49|101|105|106
303,1:310|6:313|11:44|16:230|21:11|26:185|31:226|36:242|41:334|46:254|46:255|46:256,1|6|10|11|12|13|15|17|18|21|22|27|31|32|35|36|37|38|39|41|42|43|44|45|104|106
304,1:33|4:106|7:189|10:29|13:232|17:334|21:46|25:36|29:231|34:182|39:319|44:38,3|5|6|10|11|17|18|21|23|26|27|28|32|34|37|39|40|42|43|44|45|101|104|106
305,1:106|1:189|1:29|1:33|4:106|7:189|10:29|13:232|17:334|21:46|25:36|29:231|37:182|45:319|53:38,3|5|6|10|11|17|18|21|23|26|27|28|32|34|37|39|40|42|43|44|45|101|104|106
306,1:106|1:189|1:29|1:33|4:106|7:189|10:29|13:232|17:334|21:46|25:36|29:231|37:182|50:319|63:38,1|2|3|5|6|10|11|12|13|14|15|17|18|21|22|23|24|25|26|27|28|31|32|34|35|37|38|39|40|42|43|44|45|101|103|104|106
307,1:117|4:96|9:93|12:197|17:237|20:207|25:170|28:347|33:136|36:244|41:179|44:105,1|4|6|8|10|11|16|17|18|21|27|29|30|31|32|33|39|42|43|44|45|104|105|106
308,1:117|1:197|1:7|1:8|1:9|1:93|1:96|4:96|9:93|12:197|17:237|20:207|25:170|28:347|33:136|36:244|47:179|56:105,1|4|6|8|10|11|15|16|17|18|21|27|29|30|31|32|33|39|42|43|44|45|104|105|106
309,1:33|4:86|9:43|12:336|17:98|20:209|25:316|28:46|33:44|36:87|41:268,5|6|10|17|18|21|23|24|25|27|32|34|42|43|44|45|46|104|105
310,1:33|1:336|1:43|1:86|4:86|9:43|12:336|17:98|20:209|25:316|31:46|39:44|45:87|53:268,5|6|10|15|17|18|21|23|24|25|27|32|34|42|43|44|45|46|104|105
311,1:45|4:86|10:98|13:270|19:209|22:227|28:313|31:268|37:87|40:226|47:97,6|10|16|17|18|21|23|24|25|27|32|34|42|43|44|45|105
312,1:45|4:86|10:98|13:270|19:209|22:227|28:204|31:268|37:87|40:226|47:97,6|10|16|17|18|21|23|24|25|27|32|34|42|43|44|45|105
313,1:33|5:109|9:104|13:236|17:98|21:294|25:324|29:182|33:270|37:38,1|3|6|10|11|16|17|18|19|21|22|24|25|27|30|31|32|34|40|42|43|44|45|46|105
314,1:33|5:230|9:204|13:236|17:98|21:273|25:227|29:260|33:270|37:343,1|3|6|10|11|16|17|18|19|21|22|24|25|27|30|31|32|34|40|42|43|44|45|46|105
315,1:71|5:74|9:40|13:78|17:72|21:73|25:345|29:320|33:202|37:230|41:275|45:92|49:80|53:312|57:235,6|9|10|11|17|19|21|22|27|30|32|36|42|43|44|45|101|105
316,1:1|6:281|9:139|14:124|17:133|23:227|28:92|34:254|34:255|34:256|39:188,3|6|9|10|11|13|17|18|19|21|22|27|30|32|34|36|42|43|44|45|49|104|106
317,1:1|1:124|1:139|1:281|6:281|9:139|14:124|17:133|23:227|26:34|31:92|40:254|40:255|40:256|48:188,3|6|9|10|11|13|15|17|18|19|21|22|27|30|32|34|36|42|43|44|45|49|104|106
318,1:43|1:44|7:99|13:116|16:184|22:242|28:103|31:36|37:207|43:97,3|6|7|10|12|13|14|17|18|21|27|32|41|42|43|44|45|46|103|107|108
319,1:116|1:43|1:44|1:99|7:99|13:116|16:184|22:242|28:103|33:163|38:269|43:207|48:130|53:97,3|5|6|7|10|12|13|14|15|17|18|21|26|27|32|39|41|42|43|44|45|46|103|104|106|107|108
320,1:150|5:45|10:55|14:205|19:250|23:310|28:352|32:54|37:156|41:323|46:133|50:56,3|5|6|7|10|13|14|17|18|21|26|27|32|39|42|43|44|45|103|104|106|107|108
321,1:150|1:205|1:45|1:55|5:45|10:55|14:205|19:250|23:310|28:352|32:54|37:156|44:323|52:133|59:56,3|5|6|7|10|13|14|15|17|18|21|26|27|32|39|42|43|44|45|103|104|106|107|108
322,1:33|1:45|11:52|19:222|25:116|29:36|31:133|35:89|41:53|49:38,6|10|11|17|21|26|27|28|32|35|37|38|39|42|43|44|45|50|104|106
323,1:222|1:33|1:45|1:52|11:52|19:222|25:116|29:36|31:133|33:157|37:89|45:284|55:90,5|6|10|11|15|17|21|26|27|28|32|35|37|38|39|42|43|44|45|50|104|106
324,1:52|4:123|7:174|14:108|17:83|20:34|27:182|30:53|33:334|40:133|43:175|46:257,6|10|11|17|21|23|27|32|35|36|38|42|43|44|45|50|104|106
325,1:150|7:149|10:316|16:60|19:244|25:109|28:277|34:94|37:156|37:173|43:340,4|6|10|11|12|16|17|18|21|23|27|29|30|32|33|34|41|42|43|44|45|46|48|49|105
326,1:149|1:150|1:316|1:60|7:149|10:316|16:60|19:244|25:109|28:277|37:94|43:156|43:173|55:340,1|4|6|10|11|12|15|16|17|18|21|23|27|29|30|32|33|34|41|42|43|44|45|46|48|49|105
327,1:33|5:253|12:185|16:60|23:95|27:146|34:298|38:244|45:38|49:175|56:37,1|3|4|6|10|11|17|18|20|21|27|28|29|30|31|32|34|39|42|43|44|45|46|48|49|104|105|106
328,1:44|9:28|17:185|25:328|33:242|41:91|49:201|57:63,6|10|11|15|17|19|21|22|26|27|28|32|37|39|42|43|44|45|104|106
329,1:185|1:28|1:328|1:44|9:28|17:185|25:328|33:242|35:225|41:103|49:201|57:63,6|10|11|15|17|19|21|22|26|27|28|32|37|39|42|43|44|45|47|102|104|106
330,1:185|1:28|1:328|1:44|9:28|17:185|25:328|33:242|35:225|41:103|53:201|65:63,2|6|10|11|15|17|19|21|22|23|26|27|28|32|35|37|38|39|42|43|44|45|47|102|104|106
331,1:40|1:43|5:71|9:74|13:73|17:28|21:42|25:275|29:185|33:191|37:302|41:178|45:201|49:194,1|6|9|10|11|17|19|21|22|27|32|37|42|43|44|45|101|105
332,1:279|1:40|1:43|1:71|1:74|5:71|9:74|13:73|17:28|21:42|25:275|29:185|35:191|41:302|47:178|53:201|59:194,1|6|9|10|11|15|17|19|21|22|27|32|37|42|43|44|45|101|104|105
333,1:45|1:64|8:310|11:47|18:31|21:219|28:54|31:36|38:119|41:287|48:195,6|10|11|13|17|18|20|21|22|27|32|40|42|43|44|45|46|47|102
334,1:310|1:45|1:47|1:64|8:310|11:47|18:31|21:219|28:54|31:36|35:225|40:349|45:287|54:195|59:143,2|5|6|10|11|13|15|17|18|20|21|22|23|26|27|32|35|38|40|42|43|44|45|46|47|102|106
335,1:10|4:43|7:98|10:14|13:210|19:163|25:228|31:306|37:269|46:197|55:206,1|3|5|6|10|11|12|13|14|17|18|19|21|22|23|24|25|27|28|30|31|32|34|35|38|40|42|43|44|45|46|104|106
336,1:35|7:122|10:44|16:342|19:103|25:137|28:242|34:305|37:207|43:114,6|10|11|12|17|18|19|21|23|26|27|28|32|35|36|42|43|44|45|46|49|104|106
337,1:106|1:33|7:93|13:88|19:95|25:149|31:322|37:94|43:248|49:153,4|6|10|13|15|16|17|18|20|21|26|27|29|30|32|33|37|39|42|43|44|48|105
338,1:106|1:33|7:93|13:88|19:83|25:149|31:322|37:157|43:76|49:153,4|6|10|11|15|16|17|20|21|22|26|27|29|30|32|33|35|37|38|39|42|43|44|48|50|105
339,1:189|6:300|6:346|11:55|16:222|21:133|26:156|26:173|31:89|36:248|41:90,3|6|7|10|13|14|17|18|21|26|27|32|37|39|42|43|44|45|103|107|108
340,1:189|1:300|1:321|1:346|6:300|6:346|11:55|16:222|21:133|26:156|26:173|36:89|46:248|56:90,3|6|7|10|13|14|15|17|18|21|26|27|32|37|39|42|43|44|45|103|104|106|107|108
341,1:145|7:106|10:11|13:43|19:61|22:182|25:282|31:269|34:152|37:14|43:242|46:12,3|6|7|10|12|13|14|17|18|21|27|28|31|32|36|39|40|42|43|44|45|101|103|104|106|107
342,1:106|1:11|1:145|1:43|7:106|10:11|13:43|19:61|22:182|25:282|33:269|38:152|43:14|51:242|56:12,3|6|7|10|12|13|14|15|17|18|21|27|28|31|32|36|39|40|42|43|44|45|101|103|104|106|107|108
343,1:93|3:106|5:229|7:189|11:60|15:317|19:120|25:246|31:201|37:322|45:153,6|10|11|13|16|17|18|21|22|26|27|28|29|30|32|33|37|39|42|43|44|48|105
344,1:100|1:106|1:229|1:93|3:106|5:229|7:189|11:60|15:317|19:120|25:246|31:201|36:63|42:322|55:153,6|10|11|13|15|16|17|18|21|22|26|27|28|29|30|32|33|37|39|42|43|44|48|104|105|106
345,1:310|8:132|15:51|22:275|29:109|36:133|43:246|50:254|50:255|50:256,6|9|10|11|17|19|21|22|27|32|36|37|42|43|44|45
346,1:132|1:275|1:310|1:51|8:132|15:51|22:275|29:109|36:133|48:246|60:254|60:255|60:256,6|9|10|11|15|17|19|21|22|26|27|32|36|37|39|42|43|44|45|104|106
347,1:10|7:106|13:300|19:55|25:232|31:182|37:246|43:210|49:163|55:350,3|6|10|11|17|21|27|28|31|32|37|39|40|42|43|44|45|101|106
348,1:10|1:106|1:300|1:55|7:106|13:300|19:55|25:232|31:182|37:246|46:210|55:163|64:350,3|6|10|11|15|17|21|23|26|27|28|31|32|37|39|40|42|43|44|45|101|104|106
349,1:150|15:33|30:175,3|6|7|10|13|14|17|18|21|27|32|42|43|44|45|103|107|108
350,1:55|5:35|10:346|15:287|20:352|25:239|30:105|35:240|40:56|45:213|50:219,3|6|7|10|13|14|15|17|18|20|21|23|27|32|42|43|44|45|103|107|108
351,1:33|10:181|10:52|10:55|20:240|20:241|20:258|30:311,3|6|7|10|11|13|14|17|18|21|22|24|25|27|30|32|34|35|37|38|42|43|44|45|46|105
352,1:10|1:122|1:168|1:310|1:39|4:20|7:185|12:154|17:60|24:103|31:163|40:164|49:246,1|3|6|10|11|13|14|17|18|21|22|23|24|25|27|28|30|31|32|34|35|38|39|40|42|43|44|45|46|48|49|101|104|105|106
353,1:282|8:103|13:101|20:174|25:180|32:261|37:185|44:247|49:289|56:288,4|6|10|11|12|17|18|21|24|25|27|29|30|32|34|41|42|43|44|45|46|48|49|105
354,1:101|1:103|1:174|1:282|8:103|13:101|20:174|25:180|32:261|39:185|48:247|55:289|64:288,4|6|10|11|12|15|17|18|21|24|25|27|29|30|32|34|41|42|43|44|45|46|48|49|105
355,1:101|1:43|5:50|12:193|16:310|23:109|27:228|34:174|38:261|45:212|49:248,4|6|10|11|12|13|14|17|18|21|27|29|30|32|41|42|43|44|45|46|48|49|105
356,1:101|1:20|1:43|1:50|5:50|12:193|16:310|23:109|27:228|34:174|37:325|41:261|51:212|58:248,1|4|6|10|11|12|13|14|15|17|18|21|26|27|29|30|32|39|41|42|43|44|45|46|48|49|104|105|106
357,1:16|1:43|7:74|11:75|17:23|21:230|27:18|31:345|37:34|41:76|47:235,5|6|9|10|11|15|17|19|20|21|22|26|27|32|40|42|43|44|45|47|101|102|104|105|106
358,1:35|6:45|9:310|14:93|17:36|22:253|25:281|30:149|33:38|38:215|41:219|46:94,4|6|10|11|12|16|17|18|20|21|27|29|30|32|33|34|41|42|43|44|45|48|49|105
359,1:10|5:43|9:269|13:98|17:13|21:44|26:14|31:104|36:163|41:248|46:195,3|4|6|7|10|11|12|13|14|15|17|18|21|23|24|25|27|30|32|34|35|37|38|40|41|42|43|44|45|46|49|101|104|105|106
360,1:150|1:204|1:227|15:194|15:219|15:243|15:68,
361,1:181|1:43|7:104|10:44|16:196|19:29|25:182|28:242|34:58|37:258|43:59,3|6|7|10|13|14|16|17|18|20|21|27|30|32|42|43|44|45|105
362,1:104|1:181|1:43|1:44|7:104|10:44|16:196|19:29|25:182|28:242|34:58|42:258|53:59|61:329,3|6|7|10|12|13|14|15|16|17|18|20|21|26|27|30|32|41|42|43|44|45|105
363,1:111|1:181|1:45|1:55|7:227|13:301|19:34|25:62|31:258|37:156|37:173|43:59|49:329,3|6|7|10|13|14|17|18|21|23|26|27|32|39|42|43|44|45|103|104|106|107|108
364,1:111|1:181|1:45|1:55|7:227|13:301|19:34|25:62|31:258|39:156|39:173|47:59|55:329,3|5|6|7|10|13|14|17|18|21|23|26|27|32|39|42|43|44|45|103|104|106|107|108
365,1:111|1:181|1:45|1:55|7:227|13:301|19:34|25:62|31:258|39:156|39:173|50:59|61:329,3|5|6|7|10|13|14|15|17|18|21|23|26|27|32|39|42|43|44|45|103|104|106|107|108
366,1:128|1:250|1:334|1:55,3|6|7|10|13|14|17|18|21|27|32|42|43|44|45|103|107|108
367,1:250|8:44|15:103|22:352|29:184|36:242|43:226|50:56,3|6|7|10|13|14|15|17|18|21|27|32|39|42|43|44|45|49|103|107|108
368,1:250|8:93|15:97|22:352|29:133|36:94|43:226|50:56,3|6|7|10|13|14|15|17|18|20|21|27|29|30|32|42|43|44|45|103|107|108
369,1:106|1:33|8:55|15:317|22:281|29:36|36:300|43:246|50:156|57:38|64:56,3|4|6|7|10|13|14|15|17|18|20|21|26|27|32|37|39|42|43|44|45|103|106|107|108
370,1:33|4:204|12:55|16:97|24:36|28:213|36:186|40:175|48:219,3|6|7|10|13|14|17|18|20|21|27|32|42|43|44|45|103|107|108
371,1:99|5:44|9:43|17:29|21:116|25:52|33:225|37:184|41:242|49:337|53:38,2|5|6|10|11|17|18|21|27|31|32|35|38|39|40|42|43|44|45|101|104|106
372,1:29|1:43|1:44|1:99|5:44|9:43|17:29|21:116|25:52|30:182|38:225|47:184|56:242|69:337|78:38,2|5|6|10|11|17|18|21|27|31|32|35|38|39|40|42|43|44|45|101|104|106
373,1:29|1:43|1:44|1:99|5:44|9:43|17:29|21:116|25:52|30:182|38:225|47:184|50:19|61:242|79:337|93:38,2|5|6|10|11|15|17|18|21|23|26|27|31|32|35|38|39|40|42|43|44|45|47|101|102|104|106
374,1:36,
375,1:36|20:232|20:93|26:184|32:228|38:94|44:334|50:309|56:97|62:63,6|10|11|15|16|17|18|21|26|27|29|30|31|32|33|36|37|39|40|42|43|44|101|104|105|106
376,1:184|1:232|1:36|1:93|20:232|20:93|26:184|32:228|38:94|44:334|55:309|66:97|77:63,6|10|11|15|16|17|18|21|26|27|29|30|31|32|33|36|37|39|40|42|43|44|101|104|105|106
377,1:153|9:88|17:174|25:276|33:246|41:334|49:192|57:199|65:63,1|6|10|11|15|17|20|21|24|25|26|27|28|31|32|34|37|39|42|43|44|104|106
378,1:153|9:196|17:174|25:276|33:246|41:133|49:192|57:199|65:63,1|6|7|10|13|14|15|17|18|20|21|24|25|26|27|31|32|34|42|43|44|104|106
379,1:153|9:232|17:174|25:276|33:246|41:133|41:334|49:192|57:199|65:63,1|6|10|11|15|17|18|20|21|24|25|26|27|31|32|34|37|39|40|42|43|44|104|106
380,1:149|5:273|10:270|15:219|20:225|25:346|30:287|35:296|40:94|45:105|50:204,2|3|4|5|6|10|11|13|15|16|17|18|20|21|22|24|25|26|27|29|30|32|33|34|37|40|42|43|44|45|47|101|102|103|105|107|108
381,1:149|5:262|10:270|15:219|20:225|25:182|30:287|35:295|40:94|45:105|50:349,2|3|4|5|6|10|11|13|15|16|17|18|20|21|22|24|25|26|27|29|30|32|33|34|37|40|42|43|44|45|47|101|102|103|105|107|108
382,1:352|5:184|15:246|20:34|30:347|35:58|45:56|50:156|60:329|65:38|75:323,3|4|5|6|7|10|13|14|15|17|18|20|21|24|25|26|27|31|32|34|39|42|43|44|103|104|106|107|108
383,1:341|5:184|15:246|20:163|30:339|35:89|45:126|50:156|60:90|65:76|75:284,2|5|6|8|10|11|15|17|20|21|22|23|24|25|26|27|28|31|32|34|35|37|38|39|40|42|43|44|50|101|104|106
384,1:239|5:184|15:246|20:337|30:349|35:242|45:19|50:156|60:245|65:200|75:63,2|3|5|6|8|10|11|13|14|15|17|18|21|22|23|24|25|26|27|31|32|34|35|37|38|40|42|43|44|50|102|103|104|106|107|108
385,1:273|1:93|5:156|10:129|15:270|20:94|25:287|30:156|35:38|40:248|45:322|50:353,3|4|6|10|11|15|16|17|18|20|21|24|25|27|29|30|32|33|34|37|40|42|43|44|48|105
10001,1:35|1:43|5:101|10:100|15:269|20:228|25:94|30:276|35:322|40:192|45:354|50:63,1|3|4|6|10|11|12|13|15|16|17|18|20|21|22|24|25|27|29|30|31|32|33|34|39|40|41|42|43|44|48|49|101|104|105|106
10002,1:35|1:43|5:101|10:100|15:282|20:191|25:94|30:289|35:133|35:334|40:105|45:354|50:243|50:68,1|3|4|6|10|11|12|13|15|16|17|18|20|21|22|24|25|27|29|30|31|32|33|34|39|40|41|42|43|44|48|49|101|104|105|106
10013,1:33|10:181|10:52|10:55|20:240|20:241|20:258|30:311,3|6|7|10|11|13|14|17|18|21|22|24|25|27|30|32|34|35|37|38|42|43|44|45|46|105
10014,1:33|10:181|10:52|10:55|20:240|20:241|20:258|30:311,3|6|7|10|11|13|14|17|18|21|22|24|25|27|30|32|34|35|37|38|42|43|44|45|46|105
10015,1:33|10:181|10:52|10:55|20:240|20:241|20:258|30:311,3|6|7|10|11|13|14|17|18|21|22|24|25|27|30|32|34|35|37|38|42|43|44|45|46|105
